key,e_star,best_val_acc,auc_val,final_gen_gap,train_acc_final,val_acc_final,n_epochs,test_acc_best,test_acc_final,test_loss_best,test_loss_final,ece_best,ece_final,entropy_mean_best,conf_mean_best,teacher_test_acc
"('wine', 'sens-LS', 0.05, 0)",116,1.0,131.83928515017033,0.0,1.0,1.0,137,0.9722222222222222,0.9722222222222222,0.06557556986808777,0.06765642762184143,0.0505770163403617,0.052037472526232406,0.18099971115589142,0.9511124491691589,
"('wine', 'sens-LS', 0.1, 0)",140,1.0,155.91071374714375,0.0,1.0,1.0,161,0.9722222222222222,0.9722222222222222,0.10420980304479599,0.10496262460947037,0.08366514907942878,0.08458816011746724,0.2910248041152954,0.9189383387565613,
"('wine', 'sens-LS', 0.2, 0)",115,1.0,131.12499947845936,0.0,1.0,1.0,136,0.9722222222222222,0.9722222222222222,0.1714416742324829,0.1718882918357849,0.14134540657202405,0.14233307209279802,0.45979854464530945,0.8603277802467346,
"('wine', 'sens-LS', 0.3, 0)",115,1.0,131.33928529918194,0.0,1.0,1.0,136,0.9722222222222222,0.9722222222222222,0.2421291172504425,0.2432050108909607,0.19930353595150843,0.20053715672757888,0.6011279821395874,0.8010340332984924,
"('wine', 'sens-KD', 1.0, 0.3, 0)",134,1.0,149.83928515017033,0.0,1.0,1.0,155,1.0,1.0,0.015143845230340958,0.013050957582890987,0.013937710060013665,0.012174351347817315,0.05268870294094086,0.9860623478889465,0.9722222222222222
"('wine', 'sens-KD', 1.0, 0.5, 0)",117,1.0,133.0178566724062,0.0,1.0,1.0,138,1.0,1.0,0.017479274421930313,0.014830359257757664,0.016292502482732136,0.014006445805231728,0.0632181465625763,0.9837075471878052,0.9722222222222222
"('wine', 'sens-KD', 1.0, 0.7, 0)",98,1.0,113.41071410477161,-0.03508771929824561,0.9649122807017544,1.0,119,1.0,1.0,0.023234115913510323,0.019032621756196022,0.02140794859992133,0.017832141783502366,0.07920613139867783,0.978592038154602,0.9722222222222222
"('wine', 'sens-KD', 2.0, 0.3, 0)",75,1.0,90.55357076227665,0.0,1.0,1.0,96,1.0,1.0,0.016016213223338127,0.012193149887025356,0.014813399977154201,0.0115919957558314,0.057058315724134445,0.9851868152618408,0.9722222222222222
"('wine', 'sens-KD', 2.0, 0.5, 0)",72,1.0,87.44642789661884,0.0,1.0,1.0,93,1.0,1.0,0.015674542635679245,0.012515093199908733,0.014728517995940315,0.011991260780228509,0.05818374454975128,0.9852713346481323,0.9722222222222222
"('wine', 'sens-KD', 2.0, 0.7, 0)",69,1.0,84.12499941885471,-0.03508771929824561,0.9649122807017544,1.0,90,1.0,1.0,0.016844069585204124,0.01430453360080719,0.015861334072219,0.013630459705988564,0.06178172305226326,0.9841387867927551,0.9722222222222222
"('wine', 'sens-KD', 4.0, 0.3, 0)",66,1.0,81.23214222490788,0.0,1.0,1.0,87,1.0,1.0,0.014217494055628777,0.013425568118691444,0.013308251897493998,0.012675462497605216,0.051754310727119446,0.9866917729377747,0.9722222222222222
"('wine', 'sens-KD', 4.0, 0.5, 0)",60,1.0,75.0178565531969,0.0,1.0,1.0,81,1.0,1.0,0.013968844898045063,0.01424277015030384,0.013266671035024854,0.013515694273842705,0.05357573926448822,0.9867331385612488,0.9722222222222222
"('wine', 'sens-KD', 4.0, 0.7, 0)",56,1.0,70.9107136875391,-0.01754385964912286,0.9824561403508771,1.0,77,1.0,1.0,0.01380313653498888,0.015127384103834629,0.013228436311086018,0.014345145887798732,0.05529002845287323,0.9867717027664185,0.9722222222222222
"('breastcancer', 'sens-LS', 0.05, 0)",14,0.9560439586639404,32.45604404807091,0.03296703034704862,0.989010989010989,0.9560439586639404,35,0.9736842105263158,0.956140350877193,0.09806719422340393,0.10673095285892487,0.059717761842828045,0.0444055157795287,0.21382279694080353,0.9230429530143738,
"('breastcancer', 'sens-LS', 0.1, 0)",10,0.9780219793319702,28.593406677246094,0.04395604068106351,0.989010989010989,0.9450549483299255,31,0.9736842105263158,0.956140350877193,0.132446750998497,0.13310454785823822,0.0945604009586468,0.07854846381304557,0.2856619358062744,0.8918463587760925,
"('breastcancer', 'sens-LS', 0.2, 0)",8,0.9670329689979553,26.714285790920258,0.04395604068106351,0.989010989010989,0.9450549483299255,29,0.9736842105263158,0.9649122807017544,0.18621420860290527,0.18682761490345,0.14708722997130008,0.1238743668062645,0.38156837224960327,0.8447844982147217,
"('breastcancer', 'sens-LS', 0.3, 0)",120,0.9670329689979553,134.20879155397415,0.03296703100204468,1.0,0.9670329689979553,141,0.9385964912280702,0.9385964912280702,0.24398362636566162,0.2486083209514618,0.15116165761362044,0.13167345994397217,0.45142096281051636,0.8188257217407227,
"('breastcancer', 'sens-KD', 1.0, 0.3, 0)",16,0.9670329689979553,34.521978110075,0.03296703034704862,0.989010989010989,0.9560439586639404,37,0.9736842105263158,0.9824561403508771,0.058642156422138214,0.047471001744270325,0.034589640404048716,0.026059877977036593,0.11523452401161194,0.9593484997749329,1.0
"('breastcancer', 'sens-KD', 1.0, 0.5, 0)",16,0.9670329689979553,34.57692316174507,0.027472524852543034,0.9835164835164835,0.9560439586639404,37,0.9736842105263158,0.9824561403508771,0.05451379716396332,0.041860487312078476,0.043793319610127224,0.02326320085609168,0.110130175948143,0.9611555337905884,1.0
"('breastcancer', 'sens-KD', 1.0, 0.7, 0)",16,0.9670329689979553,34.64835172891617,0.02197801935803756,0.978021978021978,0.9560439586639404,37,0.9736842105263158,0.9912280701754386,0.050662729889154434,0.03664616867899895,0.04113123866549709,0.02876266680265728,0.10499312728643417,0.9627313017845154,1.0
"('breastcancer', 'sens-KD', 2.0, 0.3, 0)",15,0.9670329689979553,33.62087920308113,0.027472524852543034,0.9835164835164835,0.9560439586639404,36,0.9824561403508771,0.9824561403508771,0.046859703958034515,0.03582340478897095,0.02726542740537409,0.021669856288976837,0.07561992108821869,0.9725107550621033,1.0
"('breastcancer', 'sens-KD', 2.0, 0.5, 0)",16,0.9670329689979553,34.62087920308113,0.02197801935803756,0.978021978021978,0.9560439586639404,37,0.9824561403508771,0.9912280701754386,0.04026367887854576,0.029903415590524673,0.02963907310837193,0.022019587065044203,0.0637536272406578,0.9765991568565369,1.0
"('breastcancer', 'sens-KD', 2.0, 0.7, 0)",16,0.9780219793319702,34.719780296087265,0.016483513863532084,0.9725274725274725,0.9560439586639404,37,0.9824561403508771,0.9912280701754386,0.037602879106998444,0.025597255676984787,0.015042367734407125,0.019458256269756113,0.0597488135099411,0.9776957035064697,1.0
"('breastcancer', 'sens-KD', 4.0, 0.3, 0)",16,0.9670329689979553,34.593406677246094,0.027472524852543034,0.9835164835164835,0.9560439586639404,37,0.9824561403508771,0.9912280701754386,0.03938750550150871,0.029143737629055977,0.021274247190408536,0.020916229800174112,0.05163489282131195,0.9810910224914551,1.0
"('breastcancer', 'sens-KD', 4.0, 0.5, 0)",19,0.9670329689979553,37.58241766691208,0.016483513863532084,0.9725274725274725,0.9560439586639404,40,0.9824561403508771,0.9912280701754386,0.02949109859764576,0.02399219572544098,0.016307272409137926,0.018250823543782817,0.04824255406856537,0.9807969927787781,1.0
"('breastcancer', 'sens-KD', 4.0, 0.7, 0)",160,0.9670329689979553,173.7197805941105,0.005494503529517192,0.9725274725274725,0.9670329689979553,181,0.9912280701754386,0.9912280701754386,0.022418972104787827,0.022346682846546173,0.009768252832847728,0.01004311390090407,0.03775724023580551,0.9840813279151917,1.0
"('digits', 'sens-LS', 0.05, 0)",117,0.9825783967971802,132.11324109137058,0.020905911922454834,1.0,0.9790940880775452,138,0.9694444444444444,0.975,0.15567122399806976,0.1531071662902832,0.07915500874320665,0.0848556101322174,0.48047760128974915,0.8902894854545593,
"('digits', 'sens-LS', 0.1, 0)",82,0.9790940880775452,98.01045334339142,0.017421603202819824,1.0,0.9825783967971802,103,0.9694444444444444,0.975,0.22217288613319397,0.22160275280475616,0.13012489303946498,0.1408967883222633,0.6944972276687622,0.8393195271492004,
"('digits', 'sens-LS', 0.2, 0)",62,0.9756097793579102,78.33275201916695,0.020905911922454834,1.0,0.9790940880775452,83,0.9666666666666667,0.9722222222222222,0.3442319333553314,0.34063291549682617,0.2257554395745198,0.22802108753886488,1.0418591499328613,0.7447893023490906,
"('digits', 'sens-LS', 0.3, 0)",41,0.9756097793579102,57.996515691280365,0.024390220642089844,1.0,0.9756097793579102,62,0.9694444444444444,0.9722222222222222,0.4628808796405792,0.4693675637245178,0.3085508033633232,0.31791799196766485,1.3091315031051636,0.6608937382698059,
"('digits', 'sens-KD', 1.0, 0.3, 0)",83,0.9651567935943604,97.82229915261269,0.02787458896636963,1.0,0.9721254110336304,104,0.9666666666666667,0.9666666666666667,0.10953916609287262,0.11003907769918442,0.02249603801303436,0.019451175298955715,0.11882935464382172,0.960216760635376,0.9472222222222222
"('digits', 'sens-KD', 1.0, 0.5, 0)",111,0.9686411023139954,124.66550551354885,0.015712771623030974,0.9808695652173913,0.9651567935943604,132,0.9638888888888889,0.9638888888888889,0.11758143454790115,0.11702387034893036,0.01679759265647992,0.021289007903801085,0.12820890545845032,0.9572404623031616,0.9472222222222222
"('digits', 'sens-KD', 1.0, 0.7, 0)",197,0.9616724848747253,206.97038587927818,-0.00515074574429053,0.9565217391304348,0.9616724848747253,218,0.9555555555555556,0.9583333333333334,0.12219160050153732,0.12413807213306427,0.015116188137067717,0.016770152623454746,0.13365419209003448,0.9561415910720825,0.9472222222222222
"('digits', 'sens-KD', 2.0, 0.3, 0)",197,0.9756097793579102,209.37979114055634,0.024390220642089844,1.0,0.9756097793579102,218,0.9694444444444444,0.9694444444444444,0.09450315684080124,0.0961230993270874,0.014131057096852197,0.0116137729750739,0.11384888738393784,0.9628777503967285,0.9472222222222222
"('digits', 'sens-KD', 2.0, 0.5, 0)",196,0.9651567935943604,207.13240239024162,0.008744154183760955,0.9808695652173913,0.9721254110336304,217,0.9611111111111111,0.9666666666666667,0.10923045128583908,0.10847380012273788,0.01182467159297734,0.015131020132038327,0.1177377700805664,0.9612659215927124,0.9472222222222222
"('digits', 'sens-KD', 2.0, 0.7, 0)",166,0.9651567935943604,177.20209047198296,-0.010374184898708227,0.9547826086956521,0.9651567935943604,187,0.9583333333333334,0.9583333333333334,0.12092495709657669,0.12119857221841812,0.02025807971755663,0.016129811935954606,0.119734987616539,0.9596188068389893,0.9472222222222222
"('digits', 'sens-KD', 4.0, 0.3, 0)",115,0.9756097793579102,129.39721134305,0.02265719766202179,0.9947826086956522,0.9721254110336304,136,0.9722222222222222,0.9722222222222222,0.09613671898841858,0.09431179612874985,0.013270363542768672,0.013879773351881267,0.107636958360672,0.966316282749176,0.9472222222222222
"('digits', 'sens-KD', 4.0, 0.5, 0)",150,0.9721254110336304,162.34320509433746,0.012222415053326108,0.9843478260869565,0.9721254110336304,171,0.9722222222222222,0.9638888888888889,0.10215796530246735,0.10484851896762848,0.02189418309264713,0.021390503396590585,0.11304603517055511,0.9620330929756165,0.9472222222222222
"('digits', 'sens-KD', 4.0, 0.7, 0)",166,0.9651567935943604,177.07491356134415,-0.0016785327247951232,0.9634782608695652,0.9651567935943604,187,0.9611111111111111,0.9611111111111111,0.10947081446647644,0.11069860309362411,0.02338014013237422,0.02445233431127339,0.11529384553432465,0.9605401754379272,0.9472222222222222
"('glass', 'sens-LS', 0.05, 0)",153,0.6764705777168274,98.29411942511797,0.22208014692085376,0.8985507246376812,0.6764705777168274,174,0.5813953488372093,0.5581395348837209,1.272975206375122,1.2484500408172607,0.21105337212252062,0.2005407720111137,0.8375009298324585,0.6949508190155029,
"('glass', 'sens-LS', 0.1, 0)",167,0.6764705777168274,108.48529583960772,0.1926683541657268,0.8985507246376812,0.7058823704719543,188,0.5813953488372093,0.5116279069767442,1.1983827352523804,1.1896401643753052,0.2210469238979872,0.24429613143898715,0.9471786022186279,0.6656055450439453,
"('glass', 'sens-LS', 0.2, 0)",186,0.7058823704719543,123.07353103905916,0.236146615035292,0.9420289855072463,0.7058823704719543,207,0.5581395348837209,0.5348837209302325,1.165925145149231,1.1897999048233032,0.1151688764261645,0.1890797920005266,1.1157405376434326,0.610197901725769,
"('glass', 'sens-LS', 0.3, 0)",284,0.7058823704719543,190.1029448583722,0.2796248759048573,0.9855072463768116,0.7058823704719543,300,0.5581395348837209,0.5581395348837209,1.2214082479476929,1.2388041019439697,0.13520613451336705,0.20473103675731397,1.2107962369918823,0.5823125243186951,
"('glass', 'sens-KD', 1.0, 0.3, 0)",136,0.6176470518112183,87.64706084877253,0.19309463967447693,0.8695652173913043,0.6764705777168274,157,0.5813953488372093,0.6046511627906976,1.3062469959259033,1.2829629182815552,0.1864122318667035,0.22966620880503988,0.6809876561164856,0.7411699295043945,0.6046511627906976
"('glass', 'sens-KD', 1.0, 0.5, 0)",152,0.6470588445663452,96.0000014975667,0.19394715108733251,0.8115942028985508,0.6176470518112183,173,0.6511627906976745,0.6511627906976745,1.176578164100647,1.1817052364349365,0.16715554581132047,0.18564808576606037,0.6332462430000305,0.7669094204902649,0.6046511627906976
"('glass', 'sens-KD', 1.0, 0.7, 0)",22,0.5,20.352941371500492,0.23913043478260865,0.7391304347826086,0.5,43,0.37209302325581395,0.4883720930232558,1.5090008974075317,1.500276803970337,0.17605952883875645,0.16448803557906036,1.3709087371826172,0.4403723478317261,0.6046511627906976
"('glass', 'sens-KD', 2.0, 0.3, 0)",21,0.47058823704719543,20.132353208959103,0.22506393686584802,0.6956521739130435,0.47058823704719543,42,0.3488372093023256,0.4186046511627907,1.533735990524292,1.600998044013977,0.13870992979338,0.2124164229215577,1.3807735443115234,0.43528619408607483,0.6046511627906976
"('glass', 'sens-KD', 2.0, 0.5, 0)",20,0.529411792755127,19.500000275671482,0.19565217391304346,0.6956521739130435,0.5,41,0.3488372093023256,0.4883720930232558,1.524023175239563,1.666219711303711,0.1973663783350656,0.26364253565322526,1.3935010433197021,0.41755810379981995,0.6046511627906976
"('glass', 'sens-KD', 2.0, 0.7, 0)",20,0.529411792755127,19.38235319405794,0.21014492753623193,0.7101449275362319,0.5,41,0.3488372093023256,0.4883720930232558,1.5283327102661133,1.7489012479782104,0.11350676348043043,0.22756723435812218,1.3792474269866943,0.41930708289146423,0.6046511627906976
"('glass', 'sens-KD', 4.0, 0.3, 0)",20,0.5,19.529412038624287,0.19565217391304346,0.6956521739130435,0.5,41,0.37209302325581395,0.4418604651162791,1.5250458717346191,1.6648977994918823,0.15044125498727312,0.1959299313467602,1.3904722929000854,0.421953946352005,0.6046511627906976
"('glass', 'sens-KD', 4.0, 0.5, 0)",20,0.5588235259056091,19.602941520512104,0.1662403811579165,0.6956521739130435,0.529411792755127,41,0.32558139534883723,0.46511627906976744,1.5309655666351318,1.7551720142364502,0.18155107664507486,0.2172670336656792,1.3570114374160767,0.42799460887908936,0.6046511627906976
"('glass', 'sens-KD', 4.0, 0.7, 0)",20,0.5,19.470588617026806,0.15174762753472815,0.6811594202898551,0.529411792755127,41,0.32558139534883723,0.4418604651162791,1.5363112688064575,1.8195078372955322,0.14077846116797865,0.282011744934459,1.347169280052185,0.43048956990242004,0.6046511627906976
