dataset,beta,group,seed,e_star,best_val_acc,auc_val,final_gen_gap
BreastCancer,0.2,Baseline-Student,0,9,0.9670329689979553,27.978022038936615,0.0261177159335515
BreastCancer,0.2,Distill-S,0,69,0.9780219793319702,86.53296718001366,0.011704048065290018
BreastCancer,0.2,Baseline-Full,0,9,0.9670329689979553,27.87912094593048,0.027472525507539203
BreastCancer,0.3,Baseline-Student,0,12,0.9670329689979553,30.769230842590332,0.03611290408115764
BreastCancer,0.3,Distill-S,0,15,0.9670329689979553,33.70329678058624,0.03219133545370667
BreastCancer,0.3,Baseline-Full,0,9,0.9670329689979553,27.87912094593048,0.027472525507539203
BreastCancer,0.4,Baseline-Student,0,14,0.9560439586639404,32.64285722374916,0.03482362124473537
BreastCancer,0.4,Distill-S,0,17,0.9670329689979553,35.57692316174507,0.030257411199073214
BreastCancer,0.4,Baseline-Full,0,9,0.9670329689979553,27.87912094593048,0.027472525507539203
BreastCancer,0.5,Baseline-Student,0,15,0.9670329689979553,33.527472615242004,0.04395604068106351
BreastCancer,0.5,Distill-S,0,16,0.9670329689979553,34.57692316174507,0.027472524852543034
BreastCancer,0.5,Baseline-Full,0,9,0.9670329689979553,27.87912094593048,0.027472525507539203
BreastCancer,0.6,Baseline-Student,0,17,0.9670329689979553,35.63736271858215,0.03296703100204468
BreastCancer,0.6,Distill-S,0,20,0.9670329689979553,38.10439571738243,0.05908474693559618
BreastCancer,0.6,Baseline-Full,0,9,0.9670329689979553,27.87912094593048,0.027472525507539203
BreastCancer,0.7,Baseline-Student,0,20,0.9450549483299255,38.10439571738243,0.04395604133605957
BreastCancer,0.7,Distill-S,0,24,0.9450549483299255,42.0054946243763,0.02387612191113564
BreastCancer,0.7,Baseline-Full,0,9,0.9670329689979553,27.87912094593048,0.027472525507539203
BreastCancer,0.8,Baseline-Student,0,29,0.9560439586639404,46.71978035569191,0.04395604133605957
BreastCancer,0.8,Distill-S,0,37,0.9670329689979553,54.84615397453308,0.04395604133605957
BreastCancer,0.8,Baseline-Full,0,9,0.9670329689979553,27.87912094593048,0.027472525507539203
BreastCancer,0.2,Baseline-Student,1,14,0.9670329689979553,32.82417589426041,0.021978020668029785
BreastCancer,0.2,Distill-S,1,34,0.9780219793319702,52.60439568758011,-0.001994582071696227
BreastCancer,0.2,Baseline-Full,1,12,0.9780219793319702,31.18131873011589,0.019230767920777048
BreastCancer,0.3,Baseline-Student,1,11,0.9560439586639404,29.587912172079086,0.04395604133605957
BreastCancer,0.3,Distill-S,1,39,0.9890109896659851,57.69230777025223,-0.0007756955483380068
BreastCancer,0.3,Baseline-Full,1,12,0.9780219793319702,31.18131873011589,0.019230767920777048
BreastCancer,0.4,Baseline-Student,1,12,0.9560439586639404,30.587912172079086,0.03296703100204468
BreastCancer,0.4,Distill-S,1,70,0.9890109896659851,88.07142868638039,0.0018565902426906922
BreastCancer,0.4,Baseline-Full,1,12,0.9780219793319702,31.18131873011589,0.019230767920777048
BreastCancer,0.5,Baseline-Student,1,17,0.9560439586639404,35.34615394473076,0.04395604133605957
BreastCancer,0.5,Distill-S,1,20,0.9780219793319702,38.741758316755295,0.01648351517352431
BreastCancer,0.5,Baseline-Full,1,12,0.9780219793319702,31.18131873011589,0.019230767920777048
BreastCancer,0.6,Baseline-Student,1,23,0.9560439586639404,41.01648363471031,0.03296703100204468
BreastCancer,0.6,Distill-S,1,35,0.9670329689979553,52.96153858304024,0.0261177159335515
BreastCancer,0.6,Baseline-Full,1,12,0.9780219793319702,31.18131873011589,0.019230767920777048
BreastCancer,0.7,Baseline-Student,1,49,0.9670329689979553,66.36263751983643,0.03296703100204468
BreastCancer,0.7,Distill-S,1,34,0.9670329689979553,51.89011001586914,0.03296703100204468
BreastCancer,0.7,Baseline-Full,1,12,0.9780219793319702,31.18131873011589,0.019230767920777048
BreastCancer,0.8,Baseline-Student,1,122,0.9670329689979553,136.5384618639946,0.03296703100204468
BreastCancer,0.8,Distill-S,1,75,0.9670329689979553,91.26373648643494,0.03296703100204468
BreastCancer,0.8,Baseline-Full,1,12,0.9780219793319702,31.18131873011589,0.019230767920777048
BreastCancer,0.2,Baseline-Student,2,8,0.9450549483299255,26.219780325889587,0.05494505167007446
BreastCancer,0.2,Distill-S,2,9,0.9560439586639404,27.4505495429039,0.03710672626756639
BreastCancer,0.2,Baseline-Full,2,7,0.9340659379959106,25.291208893060684,0.06593406200408936
BreastCancer,0.3,Baseline-Student,2,9,0.9450549483299255,27.137362748384476,0.06593406200408936
BreastCancer,0.3,Distill-S,2,12,0.9560439586639404,30.13186824321747,0.054169356121736456
BreastCancer,0.3,Baseline-Full,2,7,0.9340659379959106,25.291208893060684,0.06593406200408936
BreastCancer,0.4,Baseline-Student,2,11,0.9340659379959106,28.928571552038193,0.05494505167007446
BreastCancer,0.4,Distill-S,2,13,0.9450549483299255,30.818681448698044,0.05037884162441231
BreastCancer,0.4,Baseline-Full,2,7,0.9340659379959106,25.291208893060684,0.06593406200408936
BreastCancer,0.5,Baseline-Student,2,12,0.9560439586639404,29.82417595386505,0.05494505167007446
BreastCancer,0.5,Distill-S,2,13,0.9450549483299255,30.736263871192932,0.05494505167007446
BreastCancer,0.5,Baseline-Full,2,7,0.9340659379959106,25.291208893060684,0.06593406200408936
BreastCancer,0.6,Baseline-Student,2,17,0.9340659379959106,34.25274741649628,0.05494505167007446
BreastCancer,0.6,Distill-S,2,24,0.9450549483299255,41.09340676665306,0.04395604133605957
BreastCancer,0.6,Baseline-Full,2,7,0.9340659379959106,25.291208893060684,0.06593406200408936
BreastCancer,0.7,Baseline-Student,2,18,0.9340659379959106,34.68681336939335,0.06593406200408936
BreastCancer,0.7,Distill-S,2,26,0.9450549483299255,42.26923097670078,0.05494505167007446
BreastCancer,0.7,Baseline-Full,2,7,0.9340659379959106,25.291208893060684,0.06593406200408936
BreastCancer,0.8,Baseline-Student,2,22,0.9340659379959106,38.08791230618954,0.06593406200408936
BreastCancer,0.8,Distill-S,2,28,0.9340659379959106,43.703296944499016,0.06593406200408936
BreastCancer,0.8,Baseline-Full,2,7,0.9340659379959106,25.291208893060684,0.06593406200408936
BreastCancer,0.2,Baseline-Student,3,11,0.9670329689979553,29.917582482099533,0.018553363133783196
BreastCancer,0.2,Distill-S,3,11,0.9560439586639404,29.175824284553528,0.03439710646459504
BreastCancer,0.2,Baseline-Full,3,8,0.9670329689979553,27.09340664744377,0.021978020668029785
BreastCancer,0.3,Baseline-Student,3,12,0.9670329689979553,30.648351728916168,0.03296703100204468
BreastCancer,0.3,Distill-S,3,12,0.9560439586639404,30.197802305221558,0.04710191441517253
BreastCancer,0.3,Baseline-Full,3,8,0.9670329689979553,27.09340664744377,0.021978020668029785
BreastCancer,0.4,Baseline-Student,3,13,0.9670329689979553,31.64285722374916,0.021978020668029785
BreastCancer,0.4,Distill-S,3,13,0.9560439586639404,31.3021979033947,0.04124642153308811
BreastCancer,0.4,Baseline-Full,3,8,0.9670329689979553,27.09340664744377,0.021978020668029785
BreastCancer,0.5,Baseline-Student,3,17,0.9670329689979553,35.291208893060684,0.03296703100204468
BreastCancer,0.5,Distill-S,3,18,0.9780219793319702,36.28021988272667,0.038461535841554095
BreastCancer,0.5,Baseline-Full,3,8,0.9670329689979553,27.09340664744377,0.021978020668029785
BreastCancer,0.6,Baseline-Student,3,18,0.9780219793319702,36.30769240856171,0.03296703100204468
BreastCancer,0.6,Distill-S,3,19,0.9780219793319702,37.247252851724625,0.015128705599536607
BreastCancer,0.6,Baseline-Full,3,8,0.9670329689979553,27.09340664744377,0.021978020668029785
BreastCancer,0.7,Baseline-Student,3,21,0.9780219793319702,39.0824176967144,0.03296703100204468
BreastCancer,0.7,Distill-S,3,23,0.9780219793319702,41.054945170879364,0.021978020668029785
BreastCancer,0.7,Baseline-Full,3,8,0.9670329689979553,27.09340664744377,0.021978020668029785
BreastCancer,0.8,Baseline-Student,3,28,0.9780219793319702,45.428571581840515,0.03296703100204468
BreastCancer,0.8,Distill-S,3,32,0.9780219793319702,49.36813202500343,0.021978020668029785
BreastCancer,0.8,Baseline-Full,3,8,0.9670329689979553,27.09340664744377,0.021978020668029785
BreastCancer,0.2,Baseline-Student,4,7,0.9340659379959106,25.34615394473076,0.04395604133605957
BreastCancer,0.2,Distill-S,4,7,0.9340659379959106,25.181318789720535,0.051520394135827874
BreastCancer,0.2,Baseline-Full,4,7,0.9560439586639404,25.483516573905945,0.04395604133605957
BreastCancer,0.3,Baseline-Student,4,10,0.9560439586639404,28.285714387893677,0.04395604133605957
BreastCancer,0.3,Distill-S,4,11,0.9560439586639404,29.14835175871849,0.040034472708608604
BreastCancer,0.3,Baseline-Full,4,7,0.9560439586639404,25.483516573905945,0.04395604133605957
BreastCancer,0.4,Baseline-Student,4,12,0.9560439586639404,30.016483634710312,0.05494505167007446
BreastCancer,0.4,Distill-S,4,13,0.9450549483299255,30.972527593374252,0.04581263157875026
BreastCancer,0.4,Baseline-Full,4,7,0.9560439586639404,25.483516573905945,0.04395604133605957
BreastCancer,0.5,Baseline-Student,4,15,0.9560439586639404,32.582417726516724,0.06593406200408936
BreastCancer,0.5,Distill-S,4,16,0.9560439586639404,33.72527486085892,0.03296703034704862
BreastCancer,0.5,Baseline-Full,4,7,0.9560439586639404,25.483516573905945,0.04395604133605957
BreastCancer,0.6,Baseline-Student,4,17,0.9560439586639404,34.049450725317,0.07692307233810425
BreastCancer,0.6,Distill-S,4,18,0.9450549483299255,35.37362653017044,0.030257411199073214
BreastCancer,0.6,Baseline-Full,4,7,0.9560439586639404,25.483516573905945,0.04395604133605957
BreastCancer,0.7,Baseline-Student,4,20,0.9450549483299255,36.483516693115234,0.07692307233810425
BreastCancer,0.7,Distill-S,4,23,0.9450549483299255,39.12637385725975,0.04775224382227117
BreastCancer,0.7,Baseline-Full,4,7,0.9560439586639404,25.483516573905945,0.04395604133605957
BreastCancer,0.8,Baseline-Student,4,16,0.8901098966598511,31.280220061540604,0.1318681240081787
BreastCancer,0.8,Distill-S,4,16,0.8901098966598511,31.340659618377686,0.12087911367416382
BreastCancer,0.8,Baseline-Full,4,7,0.9560439586639404,25.483516573905945,0.04395604133605957
BreastCancer,0.2,Baseline-Student,5,146,1.0,165.17032971978188,0.0
BreastCancer,0.2,Distill-S,5,65,1.0,84.0384615957737,-0.006849315068493178
BreastCancer,0.2,Baseline-Full,5,299,1.0,298.35714289546013,0.0
BreastCancer,0.3,Baseline-Student,5,299,1.0,297.84615391492844,0.0
BreastCancer,0.3,Distill-S,5,54,0.9890109896659851,72.45604404807091,0.0031458730791129597
BreastCancer,0.3,Baseline-Full,5,299,1.0,298.35714289546013,0.0
BreastCancer,0.4,Baseline-Student,5,73,0.9890109896659851,91.04395616054535,0.021978020668029785
BreastCancer,0.4,Distill-S,5,248,0.9890109896659851,262.6098904311657,0.006422800288352737
BreastCancer,0.4,Baseline-Full,5,299,1.0,298.35714289546013,0.0
BreastCancer,0.5,Baseline-Student,5,54,0.9890109896659851,72.31318691372871,0.010989010334014893
BreastCancer,0.5,Distill-S,5,79,0.9780219793319702,96.39560455083847,0.01648351517352431
BreastCancer,0.5,Baseline-Full,5,299,1.0,298.35714289546013,0.0
BreastCancer,0.6,Baseline-Student,5,33,0.9780219793319702,50.72527486085892,0.021978020668029785
BreastCancer,0.6,Distill-S,5,37,0.9670329689979553,54.11538478732109,0.0261177159335515
BreastCancer,0.6,Baseline-Full,5,299,1.0,298.35714289546013,0.0
BreastCancer,0.7,Baseline-Student,5,36,0.9780219793319702,53.18681335449219,0.021978020668029785
BreastCancer,0.7,Distill-S,5,37,0.9670329689979553,53.66483536362648,0.02387612191113564
BreastCancer,0.7,Baseline-Full,5,299,1.0,298.35714289546013,0.0
BreastCancer,0.8,Baseline-Student,5,48,0.9560439586639404,63.07692337036133,0.04395604133605957
BreastCancer,0.8,Distill-S,5,110,0.9560439586639404,122.0329675078392,0.04395604133605957
BreastCancer,0.8,Baseline-Full,5,299,1.0,298.35714289546013,0.0
BreastCancer,0.2,Baseline-Student,6,24,0.9780219793319702,42.64835172891617,0.03296703100204468
BreastCancer,0.2,Distill-S,6,23,0.9450549483299255,40.4175825715065,0.03097244893034845
BreastCancer,0.2,Baseline-Full,6,22,0.9670329689979553,40.25274735689163,0.03296703100204468
BreastCancer,0.3,Baseline-Student,6,19,0.9890109896659851,37.82417589426041,0.03296703100204468
BreastCancer,0.3,Distill-S,6,19,0.9450549483299255,36.63186827301979,0.03141563990536855
BreastCancer,0.3,Baseline-Full,6,22,0.9670329689979553,40.25274735689163,0.03296703100204468
BreastCancer,0.4,Baseline-Student,6,22,0.9780219793319702,40.45604404807091,0.028400820956382522
BreastCancer,0.4,Distill-S,6,21,0.9450549483299255,38.53296718001366,0.02569120115341117
BreastCancer,0.4,Baseline-Full,6,22,0.9670329689979553,40.25274735689163,0.03296703100204468
BreastCancer,0.5,Baseline-Student,6,26,0.9670329689979553,44.28021988272667,0.03296703100204468
BreastCancer,0.5,Distill-S,6,25,0.9450549483299255,42.27472543716431,0.03296702969205245
BreastCancer,0.5,Baseline-Full,6,22,0.9670329689979553,40.25274735689163,0.03296703100204468
BreastCancer,0.6,Baseline-Student,6,31,0.9780219793319702,49.16483527421951,0.03296703100204468
BreastCancer,0.6,Distill-S,6,27,0.9670329689979553,44.296703457832336,0.03439710646459504
BreastCancer,0.6,Baseline-Full,6,22,0.9670329689979553,40.25274735689163,0.03296703100204468
BreastCancer,0.7,Baseline-Student,6,31,0.9890109896659851,48.90659353137016,0.03296703100204468
BreastCancer,0.7,Distill-S,6,30,0.9670329689979553,47.42307707667351,0.0056943037293174514
BreastCancer,0.7,Baseline-Full,6,22,0.9670329689979553,40.25274735689163,0.03296703100204468
BreastCancer,0.8,Baseline-Student,6,75,0.9780219793319702,90.82967057824135,0.04395604133605957
BreastCancer,0.8,Distill-S,6,73,0.9670329689979553,88.12087941169739,0.0055697707280720765
BreastCancer,0.8,Baseline-Full,6,22,0.9670329689979553,40.25274735689163,0.03296703100204468
BreastCancer,0.2,Baseline-Student,7,18,0.9780219793319702,36.75824183225632,0.018553363133783196
BreastCancer,0.2,Distill-S,7,46,0.9780219793319702,64.43406602740288,0.02269305839930491
BreastCancer,0.2,Baseline-Full,7,14,0.9780219793319702,32.98351654410362,0.019230767920777048
BreastCancer,0.3,Baseline-Student,7,17,0.9780219793319702,35.79120886325836,0.014134883413127852
BreastCancer,0.3,Distill-S,7,60,0.9780219793319702,78.42857152223587,0.010213314785676886
BreastCancer,0.3,Baseline-Full,7,14,0.9780219793319702,32.98351654410362,0.019230767920777048
BreastCancer,0.4,Baseline-Student,7,20,0.9780219793319702,38.68131875991821,0.028400820956382522
BreastCancer,0.4,Distill-S,7,70,0.9890109896659851,88.39010998606682,-0.0027096198029714635
BreastCancer,0.4,Baseline-Full,7,14,0.9780219793319702,32.98351654410362,0.019230767920777048
BreastCancer,0.5,Baseline-Student,7,17,0.9670329689979553,35.51098909974098,0.03296703100204468
BreastCancer,0.5,Distill-S,7,111,0.9890109896659851,128.76373639702797,-6.549960573920544e-10
BreastCancer,0.5,Baseline-Full,7,14,0.9780219793319702,32.98351654410362,0.019230767920777048
BreastCancer,0.6,Baseline-Student,7,19,0.9890109896659851,37.697802275419235,0.015128705599536607
BreastCancer,0.6,Distill-S,7,95,0.9890109896659851,113.12087923288345,-0.0027096198029714635
BreastCancer,0.6,Baseline-Full,7,14,0.9780219793319702,32.98351654410362,0.019230767920777048
BreastCancer,0.7,Baseline-Student,7,24,0.9780219793319702,42.62637370824814,0.0018981012431058542
BreastCancer,0.7,Distill-S,7,114,0.9890109896659851,131.7142858505249,-0.007192807847803295
BreastCancer,0.7,Baseline-Full,7,14,0.9780219793319702,32.98351654410362,0.019230767920777048
BreastCancer,0.8,Baseline-Student,7,110,1.0,127.81868144869804,0.010989010334014893
BreastCancer,0.8,Distill-S,7,131,1.0,148.59340673685074,-0.0273972602739726
BreastCancer,0.8,Baseline-Full,7,14,0.9780219793319702,32.98351654410362,0.019230767920777048
BreastCancer,0.2,Baseline-Student,8,16,0.9560439586639404,34.64285722374916,0.018553363133783196
BreastCancer,0.2,Distill-S,8,62,1.0,79.73626387119293,-0.010273972602739767
BreastCancer,0.2,Baseline-Full,8,24,0.9890109896659851,42.86263743042946,0.010989010334014893
BreastCancer,0.3,Baseline-Student,8,26,0.9670329689979553,44.25824186205864,0.021978020668029785
BreastCancer,0.3,Distill-S,8,122,1.0,140.18681329488754,-0.007843137254901933
BreastCancer,0.3,Baseline-Full,8,24,0.9890109896659851,42.86263743042946,0.010989010334014893
BreastCancer,0.4,Baseline-Student,8,30,0.9670329689979553,48.24175834655762,0.021978020668029785
BreastCancer,0.4,Distill-S,8,120,1.0,138.56043964624405,-0.004566210045662156
BreastCancer,0.4,Baseline-Full,8,24,0.9890109896659851,42.86263743042946,0.010989010334014893
BreastCancer,0.5,Baseline-Student,8,21,0.9780219793319702,39.461538553237915,0.021978020668029785
BreastCancer,0.5,Distill-S,8,19,0.9560439586639404,36.69230782985687,0.05494505167007446
BreastCancer,0.5,Baseline-Full,8,24,0.9890109896659851,42.86263743042946,0.010989010334014893
BreastCancer,0.6,Baseline-Student,8,21,0.9780219793319702,39.071428686380386,0.03296703100204468
BreastCancer,0.6,Distill-S,8,203,0.9780219793319702,216.18681359291077,0.021978020668029785
BreastCancer,0.6,Baseline-Full,8,24,0.9890109896659851,42.86263743042946,0.010989010334014893
BreastCancer,0.7,Baseline-Student,8,21,0.9670329689979553,38.41208806633949,0.05494505167007446
BreastCancer,0.7,Distill-S,8,21,0.9560439586639404,38.50549465417862,0.04395604133605957
BreastCancer,0.7,Baseline-Full,8,24,0.9890109896659851,42.86263743042946,0.010989010334014893
BreastCancer,0.8,Baseline-Student,8,29,0.9780219793319702,46.18131884932518,0.05494505167007446
BreastCancer,0.8,Distill-S,8,36,0.9560439586639404,52.87912106513977,0.04395604133605957
BreastCancer,0.8,Baseline-Full,8,24,0.9890109896659851,42.86263743042946,0.010989010334014893
BreastCancer,0.2,Baseline-Student,9,18,0.9780219793319702,36.21978032588959,0.03296703100204468
BreastCancer,0.2,Distill-S,9,30,0.9670329689979553,48.0824176967144,0.018553363133783196
BreastCancer,0.2,Baseline-Full,9,13,0.9780219793319702,31.549450635910034,0.03296703100204468
BreastCancer,0.3,Baseline-Student,9,29,0.9890109896659851,46.76373639702797,0.03296703100204468
BreastCancer,0.3,Distill-S,9,50,0.9780219793319702,66.80219799280167,0.01805645204057882
BreastCancer,0.3,Baseline-Full,9,13,0.9780219793319702,31.549450635910034,0.03296703100204468
BreastCancer,0.4,Baseline-Student,9,34,0.9670329689979553,51.340659499168396,0.03296703100204468
BreastCancer,0.4,Distill-S,9,53,0.9780219793319702,69.3846156001091,0.01741181062236763
BreastCancer,0.4,Baseline-Full,9,13,0.9780219793319702,31.549450635910034,0.03296703100204468
BreastCancer,0.5,Baseline-Student,9,28,0.9780219793319702,45.214285880327225,0.03296703100204468
BreastCancer,0.5,Distill-S,9,46,0.9780219793319702,62.57692328095436,0.01648351517352431
BreastCancer,0.5,Baseline-Full,9,13,0.9780219793319702,31.549450635910034,0.03296703100204468
BreastCancer,0.6,Baseline-Student,9,32,0.9670329689979553,48.64285734295845,0.03296703100204468
BreastCancer,0.6,Distill-S,9,51,0.9670329689979553,66.93406617641449,0.0261177159335515
BreastCancer,0.6,Baseline-Full,9,13,0.9780219793319702,31.549450635910034,0.03296703100204468
BreastCancer,0.7,Baseline-Student,9,15,0.901098906993866,31.159340888261795,0.08791208267211914
BreastCancer,0.7,Distill-S,9,22,0.9120879173278809,37.67582443356514,0.06783216324719521
BreastCancer,0.7,Baseline-Full,9,13,0.9780219793319702,31.549450635910034,0.03296703100204468
BreastCancer,0.8,Baseline-Student,9,29,0.901098906993866,43.247253090143204,0.08791208267211914
BreastCancer,0.8,Distill-S,9,29,0.9120879173278809,43.21978056430817,0.08791208267211914
BreastCancer,0.8,Baseline-Full,9,13,0.9780219793319702,31.549450635910034,0.03296703100204468
BreastCancer,0.2,Baseline-Student,10,9,0.9670329689979553,27.445055037736893,0.05494505167007446
BreastCancer,0.2,Distill-S,10,7,0.9670329689979553,25.203296810388565,0.05566008940134959
BreastCancer,0.2,Baseline-Full,10,7,0.9670329689979553,26.087912142276764,0.021978020668029785
BreastCancer,0.3,Baseline-Student,10,9,0.9670329689979553,27.483516573905945,0.04395604133605957
BreastCancer,0.3,Distill-S,10,9,0.9670329689979553,27.17032977938652,0.051023483042623496
BreastCancer,0.3,Baseline-Full,10,7,0.9670329689979553,26.087912142276764,0.021978020668029785
BreastCancer,0.4,Baseline-Student,10,11,0.9780219793319702,29.5989011824131,0.03296703100204468
BreastCancer,0.4,Distill-S,10,12,0.9670329689979553,30.137362748384476,0.05037884162441231
BreastCancer,0.4,Baseline-Full,10,7,0.9670329689979553,26.087912142276764,0.021978020668029785
BreastCancer,0.5,Baseline-Student,10,13,0.9670329689979553,31.10989022254944,0.04395604133605957
BreastCancer,0.5,Distill-S,10,13,0.9670329689979553,31.25824186205864,0.04395604133605957
BreastCancer,0.5,Baseline-Full,10,7,0.9670329689979553,26.087912142276764,0.021978020668029785
BreastCancer,0.6,Baseline-Student,10,15,0.9780219793319702,33.01648363471031,0.03296703100204468
BreastCancer,0.6,Distill-S,10,15,0.9780219793319702,33.16483527421951,0.021978020668029785
BreastCancer,0.6,Baseline-Full,10,7,0.9670329689979553,26.087912142276764,0.021978020668029785
BreastCancer,0.7,Baseline-Student,10,21,0.9670329689979553,38.406593561172485,0.03296703100204468
BreastCancer,0.7,Distill-S,10,21,0.9670329689979553,38.46153861284256,0.03296703100204468
BreastCancer,0.7,Baseline-Full,10,7,0.9670329689979553,26.087912142276764,0.021978020668029785
BreastCancer,0.8,Baseline-Student,10,28,0.9340659379959106,43.67582443356514,0.06593406200408936
BreastCancer,0.8,Distill-S,10,28,0.9450549483299255,44.093406826257706,0.04395604133605957
BreastCancer,0.8,Baseline-Full,10,7,0.9670329689979553,26.087912142276764,0.021978020668029785
BreastCancer,0.2,Baseline-Student,11,13,0.9780219793319702,31.895604461431503,0.04053138380181298
BreastCancer,0.2,Distill-S,11,15,0.9670329689979553,33.80219787359238,0.0261177159335515
BreastCancer,0.2,Baseline-Full,11,12,0.9780219793319702,31.20329675078392,0.01648351517352431
BreastCancer,0.3,Baseline-Student,11,15,0.9670329689979553,33.49450558423996,0.040034472708608604
BreastCancer,0.3,Distill-S,11,15,0.9780219793319702,33.79120886325836,0.03611290408115764
BreastCancer,0.3,Baseline-Full,11,12,0.9780219793319702,31.20329675078392,0.01648351517352431
BreastCancer,0.4,Baseline-Student,11,16,0.9780219793319702,34.69230777025223,0.039389831290397415
BreastCancer,0.4,Distill-S,11,18,0.9780219793319702,36.68131875991821,0.028400820956382522
BreastCancer,0.4,Baseline-Full,11,12,0.9780219793319702,31.20329675078392,0.01648351517352431
BreastCancer,0.5,Baseline-Student,11,23,0.9780219793319702,41.34065943956375,0.027472525507539203
BreastCancer,0.5,Distill-S,11,20,0.9890109896659851,38.90659347176552,0.01648351517352431
BreastCancer,0.5,Baseline-Full,11,12,0.9780219793319702,31.20329675078392,0.01648351517352431
BreastCancer,0.6,Baseline-Student,11,26,0.9780219793319702,44.247252851724625,0.03296703100204468
BreastCancer,0.6,Distill-S,11,27,0.9890109896659851,45.6703297495842,0.021978020668029785
BreastCancer,0.6,Baseline-Full,11,12,0.9780219793319702,31.20329675078392,0.01648351517352431
BreastCancer,0.7,Baseline-Student,11,47,0.9780219793319702,64.58241772651672,0.021978020668029785
BreastCancer,0.7,Distill-S,11,35,0.9890109896659851,53.29670339822769,0.021978020668029785
BreastCancer,0.7,Baseline-Full,11,12,0.9780219793319702,31.20329675078392,0.01648351517352431
BreastCancer,0.8,Baseline-Student,11,57,0.9890109896659851,74.50000014901161,0.010989010334014893
BreastCancer,0.8,Distill-S,11,49,0.9780219793319702,66.5659342110157,0.021978020668029785
BreastCancer,0.8,Baseline-Full,11,12,0.9780219793319702,31.20329675078392,0.01648351517352431
BreastCancer,0.2,Baseline-Student,12,14,0.9890109896659851,33.104395657777786,0.021978020668029785
BreastCancer,0.2,Distill-S,12,32,0.9670329689979553,50.01648363471031,0.012419085796565255
BreastCancer,0.2,Baseline-Full,12,25,1.0,44.14285719394684,0.021978020668029785
BreastCancer,0.3,Baseline-Student,12,13,0.9780219793319702,31.829670399427414,0.021978020668029785
BreastCancer,0.3,Distill-S,12,28,0.9890109896659851,46.63736271858215,-0.004697264175789084
BreastCancer,0.3,Baseline-Full,12,25,1.0,44.14285719394684,0.021978020668029785
BreastCancer,0.4,Baseline-Student,12,24,0.9780219793319702,42.44505503773689,0.021978020668029785
BreastCancer,0.4,Distill-S,12,75,0.9890109896659851,92.57142871618271,0.006422800288352737
BreastCancer,0.4,Baseline-Full,12,25,1.0,44.14285719394684,0.021978020668029785
BreastCancer,0.5,Baseline-Student,12,25,0.9780219793319702,43.40659350156784,0.010989010334014893
BreastCancer,0.5,Distill-S,12,95,1.0,113.54395613074303,-0.005494505494505475
BreastCancer,0.5,Baseline-Full,12,25,1.0,44.14285719394684,0.021978020668029785
BreastCancer,0.6,Baseline-Student,12,18,0.9780219793319702,36.2307693362236,0.021978020668029785
BreastCancer,0.6,Distill-S,12,222,0.9890109896659851,236.59890142083168,0.010989010334014893
BreastCancer,0.6,Baseline-Full,12,25,1.0,44.14285719394684,0.021978020668029785
BreastCancer,0.7,Baseline-Student,12,25,0.9780219793319702,42.362637519836426,0.03296703100204468
BreastCancer,0.7,Distill-S,12,299,0.9890109896659851,294.0659343600273,0.0018981012431058542
BreastCancer,0.7,Baseline-Full,12,25,1.0,44.14285719394684,0.021978020668029785
BreastCancer,0.8,Baseline-Student,12,28,0.9670329689979553,44.37912109494209,0.03296703100204468
BreastCancer,0.8,Distill-S,12,94,0.9780219793319702,108.96703326702118,0.021978020668029785
BreastCancer,0.8,Baseline-Full,12,25,1.0,44.14285719394684,0.021978020668029785
BreastCancer,0.2,Baseline-Student,13,18,0.9890109896659851,37.26923081278801,0.0075643527997683035
BreastCancer,0.2,Distill-S,13,68,0.9890109896659851,86.7417583167553,-0.0027096198029714635
BreastCancer,0.2,Baseline-Full,13,96,1.0,115.62087914347649,0.0
BreastCancer,0.3,Baseline-Student,13,19,0.9890109896659851,38.09890115261078,0.010989010334014893
BreastCancer,0.3,Distill-S,13,85,0.9890109896659851,103.39560449123383,-0.0007756955483380068
BreastCancer,0.3,Baseline-Full,13,96,1.0,115.62087914347649,0.0
BreastCancer,0.4,Baseline-Student,13,22,0.9890109896659851,40.93956050276756,0.010989010334014893
BreastCancer,0.4,Distill-S,13,114,0.9890109896659851,131.80769243836403,-0.0027096198029714635
BreastCancer,0.4,Baseline-Full,13,96,1.0,115.62087914347649,0.0
BreastCancer,0.5,Baseline-Student,13,56,0.9890109896659851,74.45604404807091,0.010989010334014893
BreastCancer,0.5,Distill-S,13,141,1.0,159.7362638115883,0.010989010334014893
BreastCancer,0.5,Baseline-Full,13,96,1.0,115.62087914347649,0.0
BreastCancer,0.6,Baseline-Student,13,45,0.9780219793319702,63.10439571738243,0.021978020668029785
BreastCancer,0.6,Distill-S,13,43,0.9890109896659851,61.609890192747116,0.0041396952655217145
BreastCancer,0.6,Baseline-Full,13,96,1.0,115.62087914347649,0.0
BreastCancer,0.7,Baseline-Student,13,287,1.0,297.521978110075,0.0
BreastCancer,0.7,Distill-S,13,50,1.0,68.48351657390594,0.0018981012431058542
BreastCancer,0.7,Baseline-Full,13,96,1.0,115.62087914347649,0.0
BreastCancer,0.8,Baseline-Student,13,123,0.9780219793319702,138.07692337036133,0.010989010334014893
BreastCancer,0.8,Distill-S,13,226,0.9780219793319702,239.47252786159515,0.021978020668029785
BreastCancer,0.8,Baseline-Full,13,96,1.0,115.62087914347649,0.0
BreastCancer,0.2,Baseline-Student,14,22,0.9670329689979553,40.71428579092026,0.018553363133783196
BreastCancer,0.2,Distill-S,14,44,0.9670329689979553,61.97252759337425,0.011704048065290018
BreastCancer,0.2,Baseline-Full,14,19,0.9780219793319702,37.87362644076347,0.019230767920777048
BreastCancer,0.3,Baseline-Student,14,21,0.9670329689979553,39.75824183225632,0.01805645204057882
BreastCancer,0.3,Distill-S,14,47,0.9670329689979553,64.86813199520111,0.014134883413127852
BreastCancer,0.3,Baseline-Full,14,19,0.9780219793319702,37.87362644076347,0.019230767920777048
BreastCancer,0.4,Baseline-Student,14,26,0.9780219793319702,44.68681326508522,0.021978020668029785
BreastCancer,0.4,Distill-S,14,45,0.9780219793319702,63.01648363471031,0.012845600576705585
BreastCancer,0.4,Baseline-Full,14,19,0.9780219793319702,37.87362644076347,0.019230767920777048
BreastCancer,0.5,Baseline-Student,14,24,0.9670329689979553,42.587912172079086,0.021978020668029785
BreastCancer,0.5,Distill-S,14,39,0.9780219793319702,57.203296810388565,0.010989009679018835
BreastCancer,0.5,Baseline-Full,14,19,0.9780219793319702,37.87362644076347,0.019230767920777048
BreastCancer,0.6,Baseline-Student,14,24,0.9670329689979553,42.587912172079086,0.021978020668029785
BreastCancer,0.6,Distill-S,14,38,0.9780219793319702,56.12637373805046,0.015128705599536607
BreastCancer,0.6,Baseline-Full,14,19,0.9780219793319702,37.87362644076347,0.019230767920777048
BreastCancer,0.7,Baseline-Student,14,33,0.9780219793319702,51.203296810388565,0.021978020668029785
BreastCancer,0.7,Distill-S,14,46,0.9780219793319702,63.730769366025925,0.012887111577120747
BreastCancer,0.7,Baseline-Full,14,19,0.9780219793319702,37.87362644076347,0.019230767920777048
BreastCancer,0.8,Baseline-Student,14,40,0.9670329689979553,57.324175983667374,0.03296703100204468
BreastCancer,0.8,Distill-S,14,39,0.9670329689979553,56.37362653017044,0.03296703100204468
BreastCancer,0.8,Baseline-Full,14,19,0.9780219793319702,37.87362644076347,0.019230767920777048
BreastCancer,0.2,Baseline-Student,15,14,0.9780219793319702,32.631868213415146,0.04053138380181298
BreastCancer,0.2,Distill-S,15,15,0.9780219793319702,33.829670399427414,0.0055697707280720765
BreastCancer,0.2,Baseline-Full,15,18,0.9780219793319702,36.87912094593048,0.027472525507539203
BreastCancer,0.3,Baseline-Student,15,14,0.9670329689979553,32.50000008940697,0.040034472708608604
BreastCancer,0.3,Distill-S,15,21,0.9780219793319702,39.697802275419235,0.006291746158225808
BreastCancer,0.3,Baseline-Full,15,18,0.9780219793319702,36.87912094593048,0.027472525507539203
BreastCancer,0.4,Baseline-Student,15,17,0.9670329689979553,35.25824186205864,0.039389831290397415
BreastCancer,0.4,Distill-S,15,17,0.9780219793319702,35.51098909974098,0.023834610910720477
BreastCancer,0.4,Baseline-Full,15,18,0.9780219793319702,36.87912094593048,0.027472525507539203
BreastCancer,0.5,Baseline-Student,15,16,0.9560439586639404,34.06043967604637,0.038461535841554095
BreastCancer,0.5,Distill-S,15,25,0.9780219793319702,43.19780230522156,0.010989009679018835
BreastCancer,0.5,Baseline-Full,15,18,0.9780219793319702,36.87912094593048,0.027472525507539203
BreastCancer,0.6,Baseline-Student,15,22,0.9560439586639404,39.67032980918884,0.03710672626756639
BreastCancer,0.6,Distill-S,15,37,0.9670329689979553,54.318681478500366,0.0055697707280720765
BreastCancer,0.6,Baseline-Full,15,18,0.9780219793319702,36.87912094593048,0.027472525507539203
BreastCancer,0.7,Baseline-Student,15,23,0.9670329689979553,40.538461685180664,0.03486513224515053
BreastCancer,0.7,Distill-S,15,55,0.9670329689979553,71.59340679645538,0.025774223154241382
BreastCancer,0.7,Baseline-Full,15,18,0.9780219793319702,36.87912094593048,0.027472525507539203
BreastCancer,0.8,Baseline-Student,15,30,0.9450549483299255,46.15384638309479,0.05494505167007446
BreastCancer,0.8,Distill-S,15,106,0.9670329689979553,120.41208824515343,0.008279390531043429
BreastCancer,0.8,Baseline-Full,15,18,0.9780219793319702,36.87912094593048,0.027472525507539203
BreastCancer,0.2,Baseline-Student,16,79,0.9890109896659851,97.99450555443764,0.010989010334014893
BreastCancer,0.2,Distill-S,16,110,0.9890109896659851,126.99450567364693,0.02269305839930491
BreastCancer,0.2,Baseline-Full,16,34,0.9890109896659851,53.39010992646217,0.010989010334014893
BreastCancer,0.3,Baseline-Student,16,38,0.9890109896659851,57.41758245229721,0.010989010334014893
BreastCancer,0.3,Distill-S,16,57,0.9780219793319702,75.42307701706886,0.010213314785676886
BreastCancer,0.3,Baseline-Full,16,34,0.9890109896659851,53.39010992646217,0.010989010334014893
BreastCancer,0.4,Baseline-Student,16,47,1.0,66.28021982312202,0.010989010334014893
BreastCancer,0.4,Distill-S,16,137,1.0,156.35164839029312,-0.0091324200913242
BreastCancer,0.4,Baseline-Full,16,34,0.9890109896659851,53.39010992646217,0.010989010334014893
BreastCancer,0.5,Baseline-Student,16,75,1.0,94.17582422494888,0.0
BreastCancer,0.5,Distill-S,16,134,1.0,153.14835169911385,-0.01098901098901095
BreastCancer,0.5,Baseline-Full,16,34,0.9890109896659851,53.39010992646217,0.010989010334014893
BreastCancer,0.6,Baseline-Student,16,54,1.0,72.56593415141106,0.021978020668029785
BreastCancer,0.6,Distill-S,16,276,1.0,290.91758248209953,-0.013698630136986356
BreastCancer,0.6,Baseline-Full,16,34,0.9890109896659851,53.39010992646217,0.010989010334014893
BreastCancer,0.7,Baseline-Student,16,67,0.9890109896659851,85.02747264504433,0.0
BreastCancer,0.7,Distill-S,16,129,0.9890109896659851,146.50549465417862,0.0018981012431058542
BreastCancer,0.7,Baseline-Full,16,34,0.9890109896659851,53.39010992646217,0.010989010334014893
BreastCancer,0.8,Baseline-Student,16,51,0.9890109896659851,69.14835175871849,0.021978020668029785
BreastCancer,0.8,Distill-S,16,299,0.9890109896659851,294.7142859697342,-0.0027096198029714635
BreastCancer,0.8,Baseline-Full,16,34,0.9890109896659851,53.39010992646217,0.010989010334014893
BreastCancer,0.2,Baseline-Student,17,11,0.9780219793319702,30.104395657777786,0.011704048065290018
BreastCancer,0.2,Distill-S,17,25,0.9780219793319702,43.868131935596466,0.011704048065290018
BreastCancer,0.2,Baseline-Full,17,15,0.9780219793319702,34.14285719394684,0.019230767920777048
BreastCancer,0.3,Baseline-Student,17,11,0.9780219793319702,30.087912142276764,0.010213314785676886
BreastCancer,0.3,Distill-S,17,42,0.9780219793319702,60.40659350156784,0.010213314785676886
BreastCancer,0.3,Baseline-Full,17,15,0.9780219793319702,34.14285719394684,0.019230767920777048
BreastCancer,0.4,Baseline-Student,17,15,0.9780219793319702,34.24725279211998,0.010989010334014893
BreastCancer,0.4,Distill-S,17,19,0.9780219793319702,37.956044018268585,0.012845600576705585
BreastCancer,0.4,Baseline-Full,17,15,0.9780219793319702,34.14285719394684,0.019230767920777048
BreastCancer,0.5,Baseline-Student,17,31,0.9890109896659851,49.9670330286026,0.010989010334014893
BreastCancer,0.5,Distill-S,17,28,0.9780219793319702,46.675824254751205,0.01648351517352431
BreastCancer,0.5,Baseline-Full,17,15,0.9780219793319702,34.14285719394684,0.019230767920777048
BreastCancer,0.6,Baseline-Student,17,23,0.9780219793319702,41.6703297495842,0.021978020668029785
BreastCancer,0.6,Distill-S,17,41,0.9780219793319702,59.25274735689163,0.021978020668029785
BreastCancer,0.6,Baseline-Full,17,15,0.9780219793319702,34.14285719394684,0.019230767920777048
BreastCancer,0.7,Baseline-Student,17,51,0.9670329689979553,67.8241760134697,0.03296703100204468
BreastCancer,0.7,Distill-S,17,100,0.9780219793319702,116.12637385725975,0.012887111577120747
BreastCancer,0.7,Baseline-Full,17,15,0.9780219793319702,34.14285719394684,0.019230767920777048
BreastCancer,0.8,Baseline-Student,17,39,0.9670329689979553,56.36813202500343,0.03296703100204468
BreastCancer,0.8,Distill-S,17,74,0.9780219793319702,90.67032986879349,0.021978020668029785
BreastCancer,0.8,Baseline-Full,17,15,0.9780219793319702,34.14285719394684,0.019230767920777048
BreastCancer,0.2,Baseline-Student,18,26,0.9670329689979553,44.137362748384476,0.03296703100204468
BreastCancer,0.2,Distill-S,18,43,0.9890109896659851,61.549450635910034,0.018553363133783196
BreastCancer,0.2,Baseline-Full,18,22,0.9780219793319702,40.48901107907295,0.03021977825479194
BreastCancer,0.3,Baseline-Student,18,18,0.9670329689979553,36.47252756357193,0.03296703100204468
BreastCancer,0.3,Distill-S,18,32,0.9890109896659851,50.62637370824814,0.007067441706563926
BreastCancer,0.3,Baseline-Full,18,22,0.9780219793319702,40.48901107907295,0.03021977825479194
BreastCancer,0.4,Baseline-Student,18,22,0.9670329689979553,40.291208893060684,0.03296703100204468
BreastCancer,0.4,Distill-S,18,32,0.9670329689979553,50.12087923288345,0.01741181062236763
BreastCancer,0.4,Baseline-Full,18,22,0.9780219793319702,40.48901107907295,0.03021977825479194
BreastCancer,0.5,Baseline-Student,18,24,0.9670329689979553,42.17032977938652,0.027472525507539203
BreastCancer,0.5,Distill-S,18,38,0.9780219793319702,55.989011108875275,0.01648351517352431
BreastCancer,0.5,Baseline-Full,18,22,0.9780219793319702,40.48901107907295,0.03021977825479194
BreastCancer,0.6,Baseline-Student,18,35,0.9670329689979553,52.69780233502388,0.03296703100204468
BreastCancer,0.6,Distill-S,18,37,0.9780219793319702,54.89011001586914,0.015128705599536607
BreastCancer,0.6,Baseline-Full,18,22,0.9780219793319702,40.48901107907295,0.03021977825479194
BreastCancer,0.7,Baseline-Student,18,40,0.9780219793319702,57.82967045903206,0.021978020668029785
BreastCancer,0.7,Distill-S,18,44,0.9780219793319702,61.857142984867096,0.012887111577120747
BreastCancer,0.7,Baseline-Full,18,22,0.9780219793319702,40.48901107907295,0.03021977825479194
BreastCancer,0.8,Baseline-Student,18,58,0.9560439586639404,74.46703317761421,0.04395604133605957
BreastCancer,0.8,Distill-S,18,58,0.9780219793319702,74.71978041529655,0.01926840086505832
BreastCancer,0.8,Baseline-Full,18,22,0.9780219793319702,40.48901107907295,0.03021977825479194
BreastCancer,0.2,Baseline-Student,19,26,0.9890109896659851,45.346153885126114,0.0075643527997683035
BreastCancer,0.2,Distill-S,19,50,0.9780219793319702,68.62087920308113,0.008279390531043429
BreastCancer,0.2,Baseline-Full,19,17,0.9890109896659851,36.46153849363327,0.008241757586762155
BreastCancer,0.3,Baseline-Student,19,26,0.9890109896659851,45.04945060610771,0.007067441706563926
BreastCancer,0.3,Distill-S,19,26,1.0,45.109890162944794,0.010213314785676886
BreastCancer,0.3,Baseline-Full,19,17,0.9890109896659851,36.46153849363327,0.008241757586762155
BreastCancer,0.4,Baseline-Student,19,27,0.9890109896659851,46.0384615957737,0.010989010334014893
BreastCancer,0.4,Distill-S,19,15,0.9890109896659851,33.75274732708931,0.01926840086505832
BreastCancer,0.4,Baseline-Full,19,17,0.9890109896659851,36.46153849363327,0.008241757586762155
BreastCancer,0.5,Baseline-Student,19,30,0.9890109896659851,48.912087976932526,0.010989010334014893
BreastCancer,0.5,Distill-S,19,19,0.9890109896659851,37.521978110075,0.027472524852543034
BreastCancer,0.5,Baseline-Full,19,17,0.9890109896659851,36.46153849363327,0.008241757586762155
BreastCancer,0.6,Baseline-Student,19,27,0.9890109896659851,45.63736271858215,0.010989010334014893
BreastCancer,0.6,Distill-S,19,24,0.9890109896659851,42.631868213415146,0.008279390531043429
BreastCancer,0.6,Baseline-Full,19,17,0.9890109896659851,36.46153849363327,0.008241757586762155
BreastCancer,0.7,Baseline-Student,19,37,0.9890109896659851,54.74725288152695,0.03296703100204468
BreastCancer,0.7,Distill-S,19,28,0.9890109896659851,46.10439571738243,0.0037962024862115973
BreastCancer,0.7,Baseline-Full,19,17,0.9890109896659851,36.46153849363327,0.008241757586762155
BreastCancer,0.8,Baseline-Student,19,32,0.9670329689979553,49.07692325115204,0.04395604133605957
BreastCancer,0.8,Distill-S,19,42,0.9780219793319702,58.868132054805756,0.04395604133605957
BreastCancer,0.8,Baseline-Full,19,17,0.9890109896659851,36.46153849363327,0.008241757586762155
Glass,0.2,Baseline-Student,0,16,0.47058823704719543,17.52941193431616,0.2272727272727273
Glass,0.2,Distill-S,0,98,0.7058823704719543,73.55882435292006,0.1144385131922635
Glass,0.2,Baseline-Full,0,54,0.6176470518112183,43.279412396252155,0.17754402082331855
Glass,0.3,Baseline-Student,0,21,0.5,19.92647085338831,0.23100487391153968
Glass,0.3,Distill-S,0,108,0.6764705777168274,75.7941185310483,0.11519608894983924
Glass,0.3,Baseline-Full,0,54,0.6176470518112183,43.279412396252155,0.17754402082331855
Glass,0.4,Baseline-Student,0,86,0.6470588445663452,57.867648251354694,0.19631464940955845
Glass,0.4,Distill-S,0,119,0.5882353186607361,74.69117818027735,0.23104178977299883
Glass,0.4,Baseline-Full,0,54,0.6176470518112183,43.279412396252155,0.17754402082331855
Glass,0.5,Baseline-Student,0,116,0.6764705777168274,73.39706037193537,0.19352086557858228
Glass,0.5,Distill-S,0,152,0.6470588445663452,96.0000014975667,0.19394715108733251
Glass,0.5,Baseline-Full,0,54,0.6176470518112183,43.279412396252155,0.17754402082331855
Glass,0.6,Baseline-Student,0,117,0.6764705777168274,76.76470651477575,0.21443851319226348
Glass,0.6,Distill-S,0,29,0.44117647409439087,22.51470608264208,0.22032085386189548
Glass,0.6,Baseline-Full,0,54,0.6176470518112183,43.279412396252155,0.17754402082331855
Glass,0.7,Baseline-Student,0,90,0.5,49.82352980226278,0.40476190476190477
Glass,0.7,Distill-S,0,199,0.6470588445663452,122.72059006243944,0.2815125840050834
Glass,0.7,Baseline-Full,0,54,0.6176470518112183,43.279412396252155,0.17754402082331855
Glass,0.8,Baseline-Student,0,110,0.6176470518112183,64.77941209822893,0.2815125840050834
Glass,0.8,Distill-S,0,62,0.44117647409439087,35.85294168442488,0.2857142857142857
Glass,0.8,Baseline-Full,0,54,0.6176470518112183,43.279412396252155,0.17754402082331855
Glass,0.2,Baseline-Student,1,67,0.5882353186607361,53.04411818832159,0.20748660997910928
Glass,0.2,Distill-S,1,52,0.6764705777168274,43.808824114501476,0.12994649952108206
Glass,0.2,Baseline-Full,1,54,0.6470588445663452,46.76470633596182,0.1410476704583551
Glass,0.3,Baseline-Student,1,73,0.6470588445663452,57.77941285818815,0.19669115543365479
Glass,0.3,Distill-S,1,65,0.6176470518112183,52.367647893726826,0.12193628152211511
Glass,0.3,Baseline-Full,1,54,0.6470588445663452,46.76470633596182,0.1410476704583551
Glass,0.4,Baseline-Student,1,63,0.6764705777168274,51.01470660418272,0.19631464940955845
Glass,0.4,Distill-S,1,78,0.6764705777168274,59.970588497817516,0.1895818638514324
Glass,0.4,Baseline-Full,1,54,0.6470588445663452,46.76470633596182,0.1410476704583551
Glass,0.5,Baseline-Student,1,90,0.7058823704719543,71.13235352188349,0.14919009329616162
Glass,0.5,Distill-S,1,89,0.6176470518112183,67.2647063806653,0.12063087155853491
Glass,0.5,Baseline-Full,1,54,0.6470588445663452,46.76470633596182,0.1410476704583551
Glass,0.6,Baseline-Student,1,90,0.6764705777168274,64.45588280633092,0.15989305864680892
Glass,0.6,Distill-S,1,86,0.6470588445663452,63.029412765055895,0.13475933725183664
Glass,0.6,Baseline-Full,1,54,0.6470588445663452,46.76470633596182,0.1410476704583551
Glass,0.7,Baseline-Student,1,85,0.6176470518112183,54.338235560804605,0.2871148529506865
Glass,0.7,Distill-S,1,116,0.6470588445663452,83.85294264927506,0.16246496495746432
Glass,0.7,Baseline-Full,1,54,0.6470588445663452,46.76470633596182,0.1410476704583551
Glass,0.8,Baseline-Student,1,88,0.5588235259056091,53.11764795705676,0.44117647409439087
Glass,0.8,Distill-S,1,142,0.6470588445663452,91.54411853477359,0.3172268697193691
Glass,0.8,Baseline-Full,1,54,0.6470588445663452,46.76470633596182,0.1410476704583551
Glass,0.2,Baseline-Student,2,101,0.6764705777168274,76.88235337287188,0.24385024634274566
Glass,0.2,Distill-S,2,147,0.7352941036224365,112.95588241517544,0.010160441832108957
Glass,0.2,Baseline-Full,2,176,0.7941176295280457,140.5588229894638,0.1693860201069909
Glass,0.3,Baseline-Student,2,285,0.7941176295280457,218.07352823764086,0.19546570380528772
Glass,0.3,Distill-S,2,239,0.6764705777168274,173.33823654800653,0.15686275561650598
Glass,0.3,Baseline-Full,2,176,0.7941176295280457,140.5588229894638,0.1693860201069909
Glass,0.4,Baseline-Student,2,72,0.8235294222831726,61.191176287829876,0.12686036868267747
Glass,0.4,Distill-S,2,69,0.7352941036224365,56.323530189692974,0.02374204095587673
Glass,0.4,Baseline-Full,2,176,0.7941176295280457,140.5588229894638,0.1693860201069909
Glass,0.5,Baseline-Student,2,64,0.7058823704719543,49.97058894485235,0.0468883065209873
Glass,0.5,Distill-S,2,61,0.6764705777168274,47.35294183343649,0.06265985706578125
Glass,0.5,Baseline-Full,2,176,0.7941176295280457,140.5588229894638,0.1693860201069909
Glass,0.6,Baseline-Student,2,137,0.7941176295280457,104.77941127866507,0.16951873410831797
Glass,0.6,Distill-S,2,153,0.7647058963775635,124.32352916151285,0.042246006835590655
Glass,0.6,Baseline-Full,2,176,0.7941176295280457,140.5588229894638,0.1693860201069909
Glass,0.7,Baseline-Student,2,105,0.7941176295280457,77.588235296309,0.11064427523385911
Glass,0.7,Distill-S,2,153,0.7647058963775635,121.76470585912466,0.09243696076529362
Glass,0.7,Baseline-Full,2,176,0.7941176295280457,140.5588229894638,0.1693860201069909
Glass,0.8,Baseline-Student,2,178,0.6764705777168274,115.3970592841506,0.29411762952804565
Glass,0.8,Distill-S,2,299,0.7352941036224365,201.57352907210588,0.12184875352042057
Glass,0.8,Baseline-Full,2,176,0.7941176295280457,140.5588229894638,0.1693860201069909
Glass,0.2,Baseline-Student,3,52,0.5882353186607361,35.4411777574569,0.2390374086119912
Glass,0.2,Distill-S,3,47,0.5588235259056091,34.73529460467398,0.19786093451760034
Glass,0.2,Baseline-Full,3,201,0.5882353186607361,128.60294366255403,0.3314727105363442
Glass,0.3,Baseline-Student,3,56,0.5588235259056091,37.088235745206475,0.22426468133926392
Glass,0.3,Distill-S,3,56,0.5882353186607361,40.102942476049066,0.1703431407610575
Glass,0.3,Baseline-Full,3,201,0.5882353186607361,128.60294366255403,0.3314727105363442
Glass,0.4,Baseline-Student,3,67,0.5588235259056091,41.11764777638018,0.2657689301364393
Glass,0.4,Distill-S,3,45,0.5588235259056091,31.941177492961287,0.1814315807388489
Glass,0.4,Baseline-Full,3,201,0.5882353186607361,128.60294366255403,0.3314727105363442
Glass,0.5,Baseline-Student,3,63,0.529411792755127,37.205883080139756,0.23870414927385852
Glass,0.5,Distill-S,3,63,0.5,37.42647130228579,0.1811594202898551
Glass,0.5,Baseline-Full,3,201,0.5882353186607361,128.60294366255403,0.3314727105363442
Glass,0.6,Baseline-Student,3,52,0.47058823704719543,29.27941202931106,0.28181818181818186
Glass,0.6,Distill-S,3,79,0.5588235259056091,46.676471112295985,0.14331547997214578
Glass,0.6,Baseline-Full,3,201,0.5882353186607361,128.60294366255403,0.3314727105363442
Glass,0.7,Baseline-Student,3,49,0.5,26.970588548108935,0.31512604866709026
Glass,0.7,Distill-S,3,59,0.5,32.72058874182403,0.22689075980867657
Glass,0.7,Baseline-Full,3,201,0.5882353186607361,128.60294366255403,0.3314727105363442
Glass,0.8,Baseline-Student,3,49,0.3235294222831726,19.205882912501693,0.3970588147640228
Glass,0.8,Distill-S,3,103,0.47058823704719543,44.73529480583966,0.42226890580994747
Glass,0.8,Baseline-Full,3,201,0.5882353186607361,128.60294366255403,0.3314727105363442
Glass,0.2,Baseline-Student,4,42,0.6764705777168274,36.0294124186039,0.16898396773771807
Glass,0.2,Distill-S,4,42,0.7058823704719543,36.67647127062082,0.0032085386189547593
Glass,0.2,Baseline-Full,4,33,0.6470588445663452,31.279412269592285,0.10433660763023545
Glass,0.3,Baseline-Student,4,58,0.6470588445663452,43.823529936373234,0.20710782210032141
Glass,0.3,Distill-S,4,48,0.6470588445663452,38.1764715090394,0.09252448876698816
Glass,0.3,Baseline-Full,4,33,0.6470588445663452,31.279412269592285,0.10433660763023545
Glass,0.4,Baseline-Student,4,13,0.529411792755127,15.264706164598465,0.18816442590161975
Glass,0.4,Distill-S,4,38,0.5882353186607361,30.000000774860382,0.12934089999601062
Glass,0.4,Baseline-Full,4,33,0.6470588445663452,31.279412269592285,0.10433660763023545
Glass,0.5,Baseline-Student,4,14,0.44117647409439087,15.955882616341114,0.16581415525381116
Glass,0.5,Distill-S,4,60,0.5588235259056091,42.39705929160118,0.19437337699143786
Glass,0.5,Baseline-Full,4,33,0.6470588445663452,31.279412269592285,0.10433660763023545
Glass,0.6,Baseline-Student,4,20,0.44117647409439087,17.720588568598032,0.2090909090909091
Glass,0.6,Distill-S,4,15,0.4117647111415863,15.852941609919071,0.10267377224835483
Glass,0.6,Baseline-Full,4,33,0.6470588445663452,31.279412269592285,0.10433660763023545
Glass,0.7,Baseline-Student,4,24,0.44117647409439087,17.50000024214387,0.2675070010480427
Glass,0.7,Distill-S,4,19,0.44117647409439087,17.014706201851368,0.1078431407610575
Glass,0.7,Baseline-Full,4,33,0.6470588445663452,31.279412269592285,0.10433660763023545
Glass,0.8,Baseline-Student,4,42,0.3529411852359772,21.779412250965834,0.33193276609693256
Glass,0.8,Distill-S,4,37,0.38235294818878174,21.735294479876757,0.27941176295280457
Glass,0.8,Baseline-Full,4,33,0.6470588445663452,31.279412269592285,0.10433660763023545
Glass,0.2,Baseline-Student,5,45,0.6470588445663452,35.926471181213856,0.1144385131922635
Glass,0.2,Distill-S,5,60,0.529411792755127,37.250000692903996,0.07754011045802722
Glass,0.2,Baseline-Full,5,44,0.6470588445663452,34.838235788047314,0.1264491303123697
Glass,0.3,Baseline-Student,5,45,0.6176470518112183,33.80882403999567,0.12561275561650598
Glass,0.3,Distill-S,5,49,0.5588235259056091,33.808824352920055,0.06311275561650598
Glass,0.3,Baseline-Full,5,44,0.6470588445663452,34.838235788047314,0.1264491303123697
Glass,0.4,Baseline-Student,5,41,0.5882353186607361,29.57352989166975,0.177533671080348
Glass,0.4,Distill-S,5,68,0.6764705777168274,48.45588283985853,0.022324603006064203
Glass,0.4,Baseline-Full,5,44,0.6470588445663452,34.838235788047314,0.1264491303123697
Glass,0.5,Baseline-Student,5,56,0.529411792755127,36.57353038340807,0.19394715108733251
Glass,0.5,Distill-S,5,234,0.6764705777168274,151.8382361754775,0.14961637880491174
Glass,0.5,Baseline-Full,5,44,0.6470588445663452,34.838235788047314,0.1264491303123697
Glass,0.6,Baseline-Student,5,65,0.5588235259056091,39.05882456153631,0.3026737722483548
Glass,0.6,Distill-S,5,70,0.6176470518112183,45.54411832243204,0.0508021495558999
Glass,0.6,Baseline-Full,5,44,0.6470588445663452,34.838235788047314,0.1264491303123697
Glass,0.7,Baseline-Student,5,65,0.47058823704719543,34.47058867663145,0.38655462009566166
Glass,0.7,Distill-S,5,64,0.44117647409439087,34.51470649987459,0.13165266457058133
Glass,0.7,Baseline-Full,5,44,0.6470588445663452,34.838235788047314,0.1264491303123697
Glass,0.8,Baseline-Student,5,89,0.44117647409439087,42.29411830753088,0.38655462009566166
Glass,0.8,Distill-S,5,95,0.5,47.514706544578075,0.26260504552296227
Glass,0.8,Baseline-Full,5,44,0.6470588445663452,34.838235788047314,0.1264491303123697
Glass,0.2,Baseline-Student,6,36,0.5,26.64705941826105,0.24545454545454548
Glass,0.2,Distill-S,6,47,0.5,30.85294132679701,0.2090909090909091
Glass,0.2,Baseline-Full,6,45,0.529411792755127,32.13235379010439,0.28810645542005553
Glass,0.3,Baseline-Student,6,47,0.5,30.02941208332777,0.30208333333333337
Glass,0.3,Distill-S,6,65,0.529411792755127,40.602942518889904,0.23958333333333337
Glass,0.3,Baseline-Full,6,45,0.529411792755127,32.13235379010439,0.28810645542005553
Glass,0.4,Baseline-Student,6,53,0.5,34.088235788047314,0.3192771084337349
Glass,0.4,Distill-S,6,53,0.5,32.176471158862114,0.2523033292178648
Glass,0.4,Baseline-Full,6,45,0.529411792755127,32.13235379010439,0.28810645542005553
Glass,0.5,Baseline-Student,6,49,0.5588235259056091,30.16176525503397,0.2544756998186526
Glass,0.5,Distill-S,6,57,0.5,35.42647098749876,0.25404944411222485
Glass,0.5,Baseline-Full,6,45,0.529411792755127,32.13235379010439,0.28810645542005553
Glass,0.6,Baseline-Student,6,28,0.47058823704719543,20.088235564529896,0.25668449022553186
Glass,0.6,Distill-S,6,81,0.47058823704719543,43.426471032202244,0.3042780713601546
Glass,0.6,Baseline-Full,6,45,0.529411792755127,32.13235379010439,0.28810645542005553
Glass,0.7,Baseline-Student,6,29,0.38235294818878174,18.044117979705334,0.33193276609693256
Glass,0.7,Distill-S,6,32,0.38235294818878174,18.426470935344696,0.3557422899064564
Glass,0.7,Baseline-Full,6,45,0.529411792755127,32.13235379010439,0.28810645542005553
Glass,0.8,Baseline-Student,6,36,0.38235294818878174,17.058823965489864,0.3970588147640228
Glass,0.8,Distill-S,6,8,0.14705882966518402,7.147059045732021,0.18277310047830853
Glass,0.8,Baseline-Full,6,45,0.529411792755127,32.13235379010439,0.28810645542005553
Glass,0.2,Baseline-Student,7,47,0.6764705777168274,37.73529424518347,0.15989305864680892
Glass,0.2,Distill-S,7,63,0.6470588445663452,45.82352980226278,0.1775401104580272
Glass,0.2,Baseline-Full,7,45,0.6764705777168274,37.47058840841055,0.1410476704583551
Glass,0.3,Baseline-Student,7,64,0.6764705777168274,45.808824218809605,0.18627448876698816
Glass,0.3,Distill-S,7,28,0.529411792755127,23.05882380157709,0.1703431407610575
Glass,0.3,Baseline-Full,7,45,0.6764705777168274,37.47058840841055,0.1410476704583551
Glass,0.4,Baseline-Student,7,69,0.6470588445663452,49.86764780431986,0.20836284218064272
Glass,0.4,Distill-S,7,30,0.529411792755127,23.79411820322275,0.2122608114437885
Glass,0.4,Baseline-Full,7,45,0.6764705777168274,37.47058840841055,0.1410476704583551
Glass,0.5,Baseline-Student,7,60,0.5882353186607361,41.397059716284275,0.20886613061462622
Glass,0.5,Distill-S,7,53,0.5882353186607361,36.26470647007227,0.26726343061613
Glass,0.5,Baseline-Full,7,45,0.6764705777168274,37.47058840841055,0.1410476704583551
Glass,0.6,Baseline-Student,7,94,0.5588235259056091,59.044118497520685,0.35026738318529993
Glass,0.6,Distill-S,7,88,0.6764705777168274,59.60294234007597,0.17540104497562758
Glass,0.6,Baseline-Full,7,45,0.6764705777168274,37.47058840841055,0.1410476704583551
Glass,0.7,Baseline-Student,7,27,0.47058823704719543,21.33823560923338,0.19747896705354961
Glass,0.7,Distill-S,7,43,0.529411792755127,29.058824323117733,0.20308123599915273
Glass,0.7,Baseline-Full,7,45,0.6764705777168274,37.47058840841055,0.1410476704583551
Glass,0.8,Baseline-Student,7,48,0.47058823704719543,27.764706183224916,0.24369747723851887
Glass,0.8,Distill-S,7,49,0.44117647409439087,28.92647086456418,0.23739495447703773
Glass,0.8,Baseline-Full,7,45,0.6764705777168274,37.47058840841055,0.1410476704583551
Glass,0.2,Baseline-Student,8,46,0.6176470518112183,37.970588602125645,0.18021388270638206
Glass,0.2,Distill-S,8,41,0.44117647409439087,26.338235534727573,0.23155079863288186
Glass,0.2,Baseline-Full,8,38,0.5882353186607361,32.80882380902767,0.19987119636396422
Glass,0.3,Baseline-Student,8,51,0.5882353186607361,38.70588359609246,0.2450980146725973
Glass,0.3,Distill-S,8,49,0.529411792755127,35.39705967158079,0.17892154057820642
Glass,0.3,Baseline-Full,8,38,0.5882353186607361,32.80882380902767,0.19987119636396422
Glass,0.4,Baseline-Student,8,46,0.5588235259056091,34.33823573961854,0.2965981608413788
Glass,0.4,Distill-S,8,50,0.5,36.02941269055009,0.20552796628101766
Glass,0.4,Baseline-Full,8,38,0.5882353186607361,32.80882380902767,0.19987119636396422
Glass,0.5,Baseline-Student,8,64,0.5588235259056091,43.97058904543519,0.2958226523537567
Glass,0.5,Distill-S,8,58,0.5588235259056091,41.25000071898103,0.22378516974656482
Glass,0.5,Baseline-Full,8,38,0.5882353186607361,32.80882380902767,0.19987119636396422
Glass,0.6,Baseline-Student,8,60,0.6176470518112183,43.191176699474454,0.23689840273423624
Glass,0.6,Distill-S,8,69,0.5882353186607361,47.00000039115548,0.2411764740943909
Glass,0.6,Baseline-Full,8,38,0.5882353186607361,32.80882380902767,0.19987119636396422
Glass,0.7,Baseline-Student,8,78,0.6470588445663452,57.54411859996617,0.2871148529506865
Glass,0.7,Distill-S,8,67,0.6176470518112183,46.25000083819032,0.19747896705354961
Glass,0.7,Baseline-Full,8,38,0.5882353186607361,32.80882380902767,0.19987119636396422
Glass,0.8,Baseline-Student,8,110,0.7058823704719543,70.76470665447414,0.15126048667090275
Glass,0.8,Distill-S,8,119,0.5588235259056091,67.42647111602128,0.26260504552296227
Glass,0.8,Baseline-Full,8,38,0.5882353186607361,32.80882380902767,0.19987119636396422
Glass,0.2,Baseline-Student,9,49,0.7058823704719543,46.1470597833395,0.14866308407350015
Glass,0.2,Distill-S,9,49,0.6470588445663452,38.9264712035656,-0.03796793547543609
Glass,0.2,Baseline-Full,9,38,0.7647058963775635,41.22058865427971,0.052812351797619006
Glass,0.3,Baseline-Student,9,49,0.7352941036224365,44.95588279515505,0.12928922971089685
Glass,0.3,Distill-S,9,44,0.7352941036224365,40.16176497936249,0.0024509628613790246
Glass,0.3,Baseline-Full,9,38,0.7647058963775635,41.22058865427971,0.052812351797619006
Glass,0.4,Baseline-Student,9,57,0.7352941036224365,49.617647901177406,0.17363570181720223
Glass,0.4,Distill-S,9,60,0.7352941036224365,49.29411821067333,0.07583272169871502
Glass,0.4,Baseline-Full,9,38,0.7647058963775635,41.22058865427971,0.052812351797619006
Glass,0.5,Baseline-Student,9,76,0.7058823704719543,61.000000700354576,0.1926683541657268
Glass,0.5,Distill-S,9,71,0.7647058963775635,61.19117648899555,0.14961637880491174
Glass,0.5,Baseline-Full,9,38,0.7647058963775635,41.22058865427971,0.052812351797619006
Glass,0.6,Baseline-Student,9,67,0.6470588445663452,51.50000060349703,0.18502672043713653
Glass,0.6,Distill-S,9,67,0.7352941036224365,53.32353023439646,0.14866308407350015
Glass,0.6,Baseline-Full,9,38,0.7647058963775635,41.22058865427971,0.052812351797619006
Glass,0.7,Baseline-Student,9,54,0.6470588445663452,42.044118501245975,0.1806722794260297
Glass,0.7,Distill-S,9,54,0.5882353186607361,43.720589227974415,0.13305323180698214
Glass,0.7,Baseline-Full,9,38,0.7647058963775635,41.22058865427971,0.052812351797619006
Glass,0.8,Baseline-Student,9,68,0.6470588445663452,49.48529464378953,0.2457982982907977
Glass,0.8,Distill-S,9,75,0.6470588445663452,53.22058868780732,0.21008401257651188
Glass,0.8,Baseline-Full,9,38,0.7647058963775635,41.22058865427971,0.052812351797619006
Glass,0.2,Baseline-Student,10,69,0.7352941036224365,61.19117707014084,0.044385012713345606
Glass,0.2,Distill-S,10,68,0.7058823704719543,57.000000923871994,-0.08983955816789102
Glass,0.2,Baseline-Full,10,58,0.7647058963775635,55.323529213666916,0.0015028084281587528
Glass,0.3,Baseline-Student,10,79,0.7647058963775635,66.51470663398504,0.05821077028910315
Glass,0.3,Distill-S,10,93,0.8235294222831726,82.82352942973375,-0.09436275561650598
Glass,0.3,Baseline-Full,10,58,0.7647058963775635,55.323529213666916,0.0015028084281587528
Glass,0.4,Baseline-Student,10,65,0.7058823704719543,55.11764772981405,0.07193481204021412
Glass,0.4,Distill-S,10,78,0.7647058963775635,68.7500011920929,-0.029766137341418863
Glass,0.4,Baseline-Full,10,58,0.7647058963775635,55.323529213666916,0.0015028084281587528
Glass,0.5,Baseline-Student,10,110,0.7058823704719543,87.66176519542933,0.12020458604978479
Glass,0.5,Distill-S,10,110,0.7941176295280457,92.52941184490919,-0.026001687499060178
Glass,0.5,Baseline-Full,10,58,0.7647058963775635,55.323529213666916,0.0015028084281587528
Glass,0.6,Baseline-Student,10,76,0.7058823704719543,57.38235332816839,0.10534760410135446
Glass,0.6,Distill-S,10,103,0.7647058963775635,83.72058891505003,0.01711228544061838
Glass,0.6,Baseline-Full,10,58,0.7647058963775635,55.323529213666916,0.0015028084281587528
Glass,0.7,Baseline-Student,10,145,0.6764705777168274,106.22058825939894,0.2815125840050834
Glass,0.7,Distill-S,10,147,0.7058823704719543,107.48529477789998,0.2156862815221151
Glass,0.7,Baseline-Full,10,58,0.7647058963775635,55.323529213666916,0.0015028084281587528
Glass,0.8,Baseline-Student,10,130,0.7058823704719543,82.13235421851277,0.15126048667090275
Glass,0.8,Distill-S,10,201,0.7058823704719543,141.55882573500276,0.144957993711744
Glass,0.8,Baseline-Full,10,58,0.7647058963775635,55.323529213666916,0.0015028084281587528
Glass,0.2,Baseline-Student,11,21,0.5588235259056091,21.500000350177288,0.13689840273423626
Glass,0.2,Distill-S,11,44,0.5882353186607361,33.22058891505003,0.03903740861199123
Glass,0.2,Baseline-Full,11,29,0.6176470518112183,26.941176645457745,0.19257192629097153
Glass,0.3,Baseline-Student,11,29,0.5882353186607361,24.75000063329935,0.20343134800593055
Glass,0.3,Distill-S,11,27,0.5882353186607361,24.588235694915056,0.08884801467259729
Glass,0.3,Baseline-Full,11,29,0.6176470518112183,26.941176645457745,0.19257192629097153
Glass,0.4,Baseline-Student,11,25,0.6176470518112183,22.808823980391026,0.18284901868866155
Glass,0.4,Distill-S,11,25,0.6176470518112183,24.323529548943043,0.08114812891167333
Glass,0.4,Baseline-Full,11,29,0.6176470518112183,26.941176645457745,0.19257192629097153
Glass,0.5,Baseline-Student,11,27,0.5,23.117647547274828,0.20886613061462622
Glass,0.5,Distill-S,11,27,0.5882353186607361,24.470588643103838,0.12190960887549585
Glass,0.5,Baseline-Full,11,29,0.6176470518112183,26.941176645457745,0.19257192629097153
Glass,0.6,Baseline-Student,11,37,0.529411792755127,29.05882380530238,0.18235294818878178
Glass,0.6,Distill-S,11,35,0.6176470518112183,29.367647599428892,0.17540104497562758
Glass,0.6,Baseline-Full,11,29,0.6176470518112183,26.941176645457745,0.19257192629097153
Glass,0.7,Baseline-Student,11,43,0.5,28.500000106170774,0.2675070010480427
Glass,0.7,Distill-S,11,39,0.47058823704719543,25.676470827311277,0.08403361695153377
Glass,0.7,Baseline-Full,11,29,0.6176470518112183,26.941176645457745,0.19257192629097153
Glass,0.8,Baseline-Student,11,78,0.47058823704719543,44.04411787725985,0.19117647409439087
Glass,0.8,Distill-S,11,69,0.5,40.85294126532972,0.18487392153058735
Glass,0.8,Baseline-Full,11,29,0.6176470518112183,26.941176645457745,0.19257192629097153
Glass,0.2,Baseline-Student,12,33,0.5,24.044117890298367,0.2775401104580272
Glass,0.2,Distill-S,12,32,0.529411792755127,24.750000469386578,0.16844920136711816
Glass,0.2,Baseline-Full,12,29,0.529411792755127,23.382353387773037,0.23679691205059528
Glass,0.3,Baseline-Student,12,46,0.5588235259056091,30.22058855369687,0.27450980742772424
Glass,0.3,Distill-S,12,40,0.529411792755127,28.294118706136942,0.16850487391153968
Glass,0.3,Baseline-Full,12,29,0.529411792755127,23.382353387773037,0.23679691205059528
Glass,0.4,Baseline-Student,12,24,0.4117647111415863,17.735294304788113,0.25903614457831325
Glass,0.4,Distill-S,12,35,0.529411792755127,25.455882612615824,0.18816442590161975
Glass,0.4,Baseline-Full,12,29,0.529411792755127,23.382353387773037,0.23679691205059528
Glass,0.5,Baseline-Student,12,27,0.5,19.705882791429758,0.3120204586049785
Glass,0.5,Distill-S,12,35,0.5,24.13235319033265,0.2246376811594203
Glass,0.5,Baseline-Full,12,29,0.529411792755127,23.382353387773037,0.23679691205059528
Glass,0.6,Baseline-Student,12,34,0.5,22.05882405117154,0.25668449022553186
Glass,0.6,Distill-S,12,41,0.47058823704719543,25.220588494092226,0.24545454545454548
Glass,0.6,Baseline-Full,12,29,0.529411792755127,23.382353387773037,0.23679691205059528
Glass,0.7,Baseline-Student,12,35,0.4117647111415863,20.426470916718245,0.2843137184778849
Glass,0.7,Distill-S,12,35,0.38235294818878174,21.132353242486715,0.1778711449532282
Glass,0.7,Baseline-Full,12,29,0.529411792755127,23.382353387773037,0.23679691205059528
Glass,0.8,Baseline-Student,12,56,0.3529411852359772,22.764706436544657,0.3970588147640228
Glass,0.8,Distill-S,12,59,0.4117647111415863,25.161765199154615,0.26050419466836117
Glass,0.8,Baseline-Full,12,29,0.529411792755127,23.382353387773037,0.23679691205059528
Glass,0.2,Baseline-Student,13,66,0.7647058963775635,58.76470638811588,0.11711228544061836
Glass,0.2,Distill-S,13,93,0.7058823704719543,78.602941557765,-0.07165773998607283
Glass,0.2,Baseline-Full,13,61,0.8235294222831726,56.426470682024956,0.07449550915808578
Glass,0.3,Baseline-Student,13,47,0.6764705777168274,41.029412254691124,0.04779410362243652
Glass,0.3,Distill-S,13,118,0.7058823704719543,94.85294185578823,0.044117629528045654
Glass,0.3,Baseline-Full,13,61,0.8235294222831726,56.426470682024956,0.07449550915808578
Glass,0.4,Baseline-Student,13,73,0.7941176295280457,64.58823512494564,0.10276398314050883
Glass,0.4,Distill-S,13,107,0.7058823704719543,82.97058929502964,0.05315377410635891
Glass,0.4,Baseline-Full,13,61,0.8235294222831726,56.426470682024956,0.07449550915808578
Glass,0.5,Baseline-Student,13,57,0.6470588445663452,49.588235422968864,0.0468883065209873
Glass,0.5,Distill-S,13,129,0.7352941036224365,103.9117652028799,0.09121907880340796
Glass,0.5,Baseline-Full,13,61,0.8235294222831726,56.426470682024956,0.07449550915808578
Glass,0.6,Baseline-Student,13,67,0.7352941036224365,55.558823958039284,0.18502672043713653
Glass,0.6,Distill-S,13,111,0.7058823704719543,84.35294197499752,0.05775399316440932
Glass,0.6,Baseline-Full,13,61,0.8235294222831726,56.426470682024956,0.07449550915808578
Glass,0.7,Baseline-Student,13,70,0.7352941036224365,51.867647752165794,0.12184875352042057
Glass,0.7,Distill-S,13,110,0.6470588445663452,77.91176609694958,0.13865544114794048
Glass,0.7,Baseline-Full,13,61,0.8235294222831726,56.426470682024956,0.07449550915808578
Glass,0.8,Baseline-Student,13,63,0.5882353186607361,46.77941255271435,0.07352942228317261
Glass,0.8,Distill-S,13,182,0.6176470518112183,118.83823697268963,0.1806722794260297
Glass,0.8,Baseline-Full,13,61,0.8235294222831726,56.426470682024956,0.07449550915808578
Glass,0.2,Baseline-Student,14,59,0.6764705777168274,48.073529886081815,0.15080214955589988
Glass,0.2,Distill-S,14,90,0.6470588445663452,64.27941210754216,0.10534760410135446
Glass,0.2,Baseline-Full,14,43,0.6470588445663452,38.6764714140445,0.17045940360883727
Glass,0.3,Baseline-Student,14,70,0.6470588445663452,53.1764714512974,0.17585782210032141
Glass,0.3,Distill-S,14,78,0.6176470518112183,58.63235333003104,0.16360294818878174
Glass,0.3,Baseline-Full,14,43,0.6470588445663452,38.6764714140445,0.17045940360883727
Glass,0.4,Baseline-Student,14,69,0.6470588445663452,51.58823638595641,0.16017007109630543
Glass,0.4,Distill-S,14,65,0.6470588445663452,50.22058951295912,0.15343728553817937
Glass,0.4,Baseline-Full,14,43,0.6470588445663452,38.6764714140445,0.17045940360883727
Glass,0.5,Baseline-Student,14,61,0.5588235259056091,44.51470666565001,0.20843990471052087
Glass,0.5,Distill-S,14,111,0.6470588445663452,78.17647239007056,0.13554985108582873
Glass,0.5,Baseline-Full,14,43,0.6470588445663452,38.6764714140445,0.17045940360883727
Glass,0.6,Baseline-Student,14,77,0.5882353186607361,51.3676478844136,0.33208556500348174
Glass,0.6,Distill-S,14,82,0.5882353186607361,57.04411913268268,0.23689840273423624
Glass,0.6,Baseline-Full,14,43,0.6470588445663452,38.6764714140445,0.17045940360883727
Glass,0.7,Baseline-Student,14,101,0.5588235259056091,63.808823777362704,0.19187675771259127
Glass,0.7,Distill-S,14,105,0.6176470518112183,71.75000090710819,0.23949580533163883
Glass,0.7,Baseline-Full,14,43,0.6470588445663452,38.6764714140445,0.17045940360883727
Glass,0.8,Baseline-Student,14,46,0.38235294818878174,24.88235334120691,0.35084033438137596
Glass,0.8,Distill-S,14,109,0.5882353186607361,63.147060396149755,0.268907538482121
Glass,0.8,Baseline-Full,14,43,0.6470588445663452,38.6764714140445,0.17045940360883727
Glass,0.2,Baseline-Student,15,56,0.7058823704719543,48.01470609754324,0.21657751907001843
Glass,0.2,Distill-S,15,55,0.7058823704719543,46.411765195429325,0.0032085386189547593
Glass,0.2,Baseline-Full,15,42,0.6470588445663452,38.676470682024956,0.14834694053134778
Glass,0.3,Baseline-Student,15,54,0.6176470518112183,42.470588617026806,0.2469362815221151
Glass,0.3,Distill-S,15,64,0.6764705777168274,51.51470582932234,0.10477942228317261
Glass,0.3,Baseline-Full,15,42,0.6470588445663452,38.676470682024956,0.14834694053134778
Glass,0.4,Baseline-Student,15,57,0.5882353186607361,41.42647159844637,0.2792345608573362
Glass,0.4,Distill-S,15,100,0.7058823704719543,78.05882398039103,0.05988661926912975
Glass,0.4,Baseline-Full,15,42,0.6470588445663452,38.676470682024956,0.14834694053134778
Glass,0.5,Baseline-Student,15,47,0.5882353186607361,34.176471032202244,0.2523443914841914
Glass,0.5,Distill-S,15,54,0.6176470518112183,41.029412515461445,0.15046889021776721
Glass,0.5,Baseline-Full,15,42,0.6470588445663452,38.676470682024956,0.14834694053134778
Glass,0.6,Baseline-Student,15,48,0.5,31.073529668152332,0.28181818181818186
Glass,0.6,Distill-S,15,52,0.529411792755127,34.04411796480417,0.16844920136711816
Glass,0.6,Baseline-Full,15,42,0.6470588445663452,38.676470682024956,0.14834694053134778
Glass,0.7,Baseline-Student,15,55,0.5,33.985294468700886,0.32773106438773014
Glass,0.7,Distill-S,15,57,0.44117647409439087,33.352941535413265,0.2142857142857143
Glass,0.7,Baseline-Full,15,42,0.6470588445663452,38.676470682024956,0.14834694053134778
Glass,0.8,Baseline-Student,15,96,0.44117647409439087,49.13235332816839,0.42226890580994747
Glass,0.8,Distill-S,15,95,0.44117647409439087,49.16176512092352,0.20798319152423317
Glass,0.8,Baseline-Full,15,42,0.6470588445663452,38.676470682024956,0.14834694053134778
Glass,0.2,Baseline-Student,16,41,0.6176470518112183,33.97058844566345,0.16898396773771807
Glass,0.2,Distill-S,16,54,0.5588235259056091,39.63235369324684,0.14812831770290025
Glass,0.2,Baseline-Full,16,37,0.6764705777168274,33.308823853731155,0.17045940360883727
Glass,0.3,Baseline-Student,16,49,0.6176470518112183,38.77941232919693,0.13786762952804565
Glass,0.3,Distill-S,16,60,0.5882353186607361,43.66176548600197,0.12377448876698816
Glass,0.3,Baseline-Full,16,37,0.6764705777168274,33.308823853731155,0.17045940360883727
Glass,0.4,Baseline-Student,16,84,0.7058823704719543,59.632353723049164,0.13749112350394932
Glass,0.4,Distill-S,16,109,0.6470588445663452,74.22058969736099,0.1722182638673897
Glass,0.4,Baseline-Full,16,37,0.6764705777168274,33.308823853731155,0.17045940360883727
Glass,0.5,Baseline-Student,16,91,0.6764705777168274,60.14706015586853,0.17860188605128857
Glass,0.5,Distill-S,16,110,0.6470588445663452,75.22058901190758,0.1500426047090171
Glass,0.5,Baseline-Full,16,37,0.6764705777168274,33.308823853731155,0.17045940360883727
Glass,0.6,Baseline-Student,16,67,0.6176470518112183,45.36764845252037,0.1893047917972911
Glass,0.6,Distill-S,16,115,0.6470588445663452,78.2647071480751,0.20053476637059997
Glass,0.6,Baseline-Full,16,37,0.6764705777168274,33.308823853731155,0.17045940360883727
Glass,0.7,Baseline-Student,16,51,0.6176470518112183,34.705882757902145,0.2156862815221151
Glass,0.7,Distill-S,16,101,0.6470588445663452,72.2794134914875,0.09103639352889292
Glass,0.7,Baseline-Full,16,37,0.6764705777168274,33.308823853731155,0.17045940360883727
Glass,0.8,Baseline-Student,16,58,0.5,33.33823624253273,0.25630249295915875
Glass,0.8,Distill-S,16,63,0.47058823704719543,35.73529452085495,0.2857142857142857
Glass,0.8,Baseline-Full,16,37,0.6764705777168274,33.308823853731155,0.17045940360883727
Glass,0.2,Baseline-Student,17,46,0.5,29.7794119566679,0.36363636363636365
Glass,0.2,Distill-S,17,9,0.4117647111415863,11.867647215723991,0.20427807136015463
Glass,0.2,Baseline-Full,17,63,0.529411792755127,39.9558834284544,0.33941605839416056
Glass,0.3,Baseline-Student,17,72,0.5,42.691176667809486,0.34375
Glass,0.3,Distill-S,17,114,0.5588235259056091,65.35294209420681,0.22058820724487305
Glass,0.3,Baseline-Full,17,63,0.529411792755127,39.9558834284544,0.33941605839416056
Glass,0.4,Baseline-Student,17,68,0.5,40.014706149697304,0.34337349397590367
Glass,0.4,Distill-S,17,96,0.5588235259056091,56.98529480397701,0.2122608114437885
Glass,0.4,Baseline-Full,17,63,0.529411792755127,39.9558834284544,0.33941605839416056
Glass,0.5,Baseline-Student,17,53,0.47058823704719543,31.250000312924385,0.3414322215577831
Glass,0.5,Distill-S,17,53,0.44117647409439087,30.426470950245857,0.31244671431140625
Glass,0.5,Baseline-Full,17,63,0.529411792755127,39.9558834284544,0.33941605839416056
Glass,0.6,Baseline-Student,17,75,0.44117647409439087,38.573529943823814,0.37700534408742736
Glass,0.6,Distill-S,17,20,0.4117647111415863,15.838235542178154,0.2540106881748546
Glass,0.6,Baseline-Full,17,63,0.529411792755127,39.9558834284544,0.33941605839416056
Glass,0.7,Baseline-Student,17,25,0.44117647409439087,18.352941423654556,0.29131652485756643
Glass,0.7,Distill-S,17,18,0.44117647409439087,15.220588460564613,0.3081232422874087
Glass,0.7,Baseline-Full,17,63,0.529411792755127,39.9558834284544,0.33941605839416056
Glass,0.8,Baseline-Student,17,34,0.4117647111415863,20.779412135481834,0.27310924019132343
Glass,0.8,Distill-S,17,35,0.4117647111415863,21.102941557765007,0.33193276609693256
Glass,0.8,Baseline-Full,17,63,0.529411792755127,39.9558834284544,0.33941605839416056
Glass,0.2,Baseline-Student,18,116,0.7352941036224365,89.67647125571966,0.15561498728665435
Glass,0.2,Distill-S,18,72,0.7352941036224365,62.20588221400976,0.001069532741199808
Glass,0.2,Baseline-Full,18,90,0.7058823704719543,73.58823568373919,0.17732930836016247
Glass,0.3,Baseline-Student,18,134,0.7352941036224365,103.3676479794085,0.20036762952804565
Glass,0.3,Distill-S,18,181,0.7352941036224365,144.1470599807799,0.026960770289103153
Glass,0.3,Baseline-Full,18,90,0.7058823704719543,73.58823568373919,0.17732930836016247
Glass,0.4,Baseline-Student,18,107,0.7647058963775635,84.69117772951722,0.10276398314050883
Glass,0.4,Distill-S,18,188,0.7647058963775635,148.91176650300622,0.07866759759834019
Glass,0.4,Baseline-Full,18,90,0.7058823704719543,73.58823568373919,0.17732930836016247
Glass,0.5,Baseline-Student,18,122,0.6764705777168274,92.73529445007443,0.1926683541657268
Glass,0.5,Distill-S,18,127,0.7352941036224365,98.77941206470132,0.06180734565292578
Glass,0.5,Baseline-Full,18,90,0.7058823704719543,73.58823568373919,0.17732930836016247
Glass,0.6,Baseline-Student,18,108,0.6764705777168274,77.0588245857507,0.26203206452456385
Glass,0.6,Distill-S,18,127,0.6470588445663452,86.42647279985249,0.1962566950104453
Glass,0.6,Baseline-Full,18,90,0.7058823704719543,73.58823568373919,0.17732930836016247
Glass,0.7,Baseline-Student,18,89,0.6176470518112183,62.45588277466595,0.20448180323555354
Glass,0.7,Distill-S,18,108,0.6470588445663452,71.10294227488339,0.19187675771259127
Glass,0.7,Baseline-Full,18,90,0.7058823704719543,73.58823568373919,0.17732930836016247
Glass,0.8,Baseline-Student,18,129,0.7058823704719543,89.42647093720734,0.12184875352042057
Glass,0.8,Distill-S,18,142,0.7352941036224365,92.0000011716038,0.11554620095661705
Glass,0.8,Baseline-Full,18,90,0.7058823704719543,73.58823568373919,0.17732930836016247
Glass,0.2,Baseline-Student,19,75,0.7647058963775635,59.11764753237367,0.11016044183210894
Glass,0.2,Distill-S,19,82,0.6176470518112183,58.029411846771836,0.11176468133926387
Glass,0.2,Baseline-Full,19,99,0.7647058963775635,79.70588343217969,0.12580505252754604
Glass,0.3,Baseline-Student,19,88,0.7647058963775635,67.33823594637215,0.1188725630442301
Glass,0.3,Distill-S,19,137,0.6470588445663452,96.51470663025975,0.14644608894983924
Glass,0.3,Baseline-Full,19,99,0.7647058963775635,79.70588343217969,0.12580505252754604
Glass,0.4,Baseline-Student,19,110,0.7058823704719543,79.22058889456093,0.13217577589563578
Glass,0.4,Distill-S,19,255,0.7058823704719543,191.07353066280484,0.08929835241961193
Glass,0.4,Baseline-Full,19,99,0.7647058963775635,79.70588343217969,0.12580505252754604
Glass,0.5,Baseline-Student,19,104,0.6470588445663452,72.51470680907369,0.2225063728249591
Glass,0.5,Distill-S,19,163,0.6764705777168274,112.13235247507691,0.12105709746264026
Glass,0.5,Baseline-Full,19,99,0.7647058963775635,79.70588343217969,0.12580505252754604
Glass,0.6,Baseline-Student,19,84,0.6470588445663452,54.36764792539179,0.2914438572796908
Glass,0.6,Distill-S,19,112,0.6470588445663452,76.76470699347556,0.1893047917972911
Glass,0.6,Baseline-Full,19,99,0.7647058963775635,79.70588343217969,0.12580505252754604
Glass,0.7,Baseline-Student,19,71,0.6470588445663452,43.63235358335078,0.23949580533163883
Glass,0.7,Distill-S,19,119,0.6470588445663452,79.00000161863863,0.21008401257651188
Glass,0.7,Baseline-Full,19,99,0.7647058963775635,79.70588343217969,0.12580505252754604
Glass,0.8,Baseline-Student,19,84,0.5,44.67647131346166,0.3403361099106925
Glass,0.8,Distill-S,19,128,0.6176470518112183,80.07352981157601,0.31092437676021034
Glass,0.8,Baseline-Full,19,99,0.7647058963775635,79.70588343217969,0.12580505252754604
