dataset,beta,metric,contrast,n_seeds,mean_diff,ci_low,ci_high,p_wilcoxon,p_holm,r_rank_biserial,sig
breastcancer,0.2,best_val_acc,Distill-S vs Baseline-Student,20,0.0,-0.006593406200408958,0.007142856717109641,0.8573200803064944,1.0,-0.06060606060606061,ns
breastcancer,0.3,best_val_acc,Distill-S vs Baseline-Student,20,0.002747252583503751,-0.004945054650306674,0.009890109300613448,0.340836974053655,1.0,0.2967032967032967,ns
breastcancer,0.4,best_val_acc,Distill-S vs Baseline-Student,20,0.003296703100204512,-0.0032967031002044123,0.009340658783912742,0.14045055380546123,1.0,0.47435897435897434,ns
breastcancer,0.5,best_val_acc,Distill-S vs Baseline-Student,20,0.003296703100204501,-0.0027472525835036954,0.009340658783912676,0.21562291811747836,1.0,0.37142857142857144,ns
breastcancer,0.6,best_val_acc,Distill-S vs Baseline-Student,20,0.0027472525835037396,-0.0005494505167007613,0.00604395568370823,0.1365466970134347,1.0,0.48484848484848486,ns
breastcancer,0.7,best_val_acc,Distill-S vs Baseline-Student,20,0.0010989010334015003,-0.0027472525835037396,0.0043956041336060125,0.4262720787202886,1.0,0.28888888888888886,ns
breastcancer,0.8,best_val_acc,Distill-S vs Baseline-Student,20,0.0032967031002044565,-0.0010989010334015337,0.0076923072338104135,0.2975531675111377,1.0,0.3484848484848485,ns
digits,0.2,best_val_acc,Distill-S vs Baseline-Student,20,-0.014808362722396823,-0.019860640168189964,-0.009581878706812794,0.0008937532758053834,0.02413133844674535,-0.868421052631579,*
digits,0.3,best_val_acc,Distill-S vs Baseline-Student,20,-0.008013942837715154,-0.013588854670524574,-0.002439031004905706,0.017491335680972935,0.4023007206623775,-0.6210526315789474,ns
digits,0.4,best_val_acc,Distill-S vs Baseline-Student,20,-0.0015679389238357267,-0.005923333838582053,0.0029616862535476744,0.519445099652506,1.0,-0.16842105263157894,ns
digits,0.5,best_val_acc,Distill-S vs Baseline-Student,20,0.004703828692436229,0.0005226373672485625,0.009059229493141151,0.05831801014415054,1.0,0.49473684210526314,ns
digits,0.6,best_val_acc,Distill-S vs Baseline-Student,20,0.01010451912879946,0.004878038167953502,0.015330991148948741,0.0033094264237746728,0.0860450870181415,0.8104575163398693,ns
digits,0.7,best_val_acc,Distill-S vs Baseline-Student,20,0.010452976822853116,0.00452964007854465,0.016202098131179798,0.004035847373260086,0.10089618433150216,0.7719298245614035,ns
digits,0.8,best_val_acc,Distill-S vs Baseline-Student,20,0.019512197375297517,0.01428572528064249,0.02526131868362421,0.0001314204445389205,0.003679772447089774,1.0,**
glass,0.2,best_val_acc,Distill-S vs Baseline-Student,20,-0.01911764293909073,-0.05000000003725291,0.017647063732147222,0.11574136033506308,1.0,-0.47619047619047616,ns
glass,0.3,best_val_acc,Distill-S vs Baseline-Student,20,-0.010294109582901001,-0.041176459193229674,0.020588243007659913,0.6855259466902845,1.0,-0.1111111111111111,ns
glass,0.4,best_val_acc,Distill-S vs Baseline-Student,20,0.004411764442920685,-0.02499999701976776,0.0323529452085495,0.8033230152885649,1.0,0.07692307692307693,ns
glass,0.5,best_val_acc,Distill-S vs Baseline-Student,20,0.024999992549419404,-0.001470598578453064,0.05294116735458374,0.1476523977387637,1.0,0.39869281045751637,ns
glass,0.6,best_val_acc,Distill-S vs Baseline-Student,20,0.004411771893501284,-0.029411754012107848,0.0352941170334816,0.2643349155065633,1.0,0.30718954248366015,ns
glass,0.7,best_val_acc,Distill-S vs Baseline-Student,20,0.0014705985784530585,-0.020588219165802002,0.025000010430812836,0.7107688936905827,1.0,0.10833333333333334,ns
glass,0.8,best_val_acc,Distill-S vs Baseline-Student,20,0.011764702945947645,-0.035294120013713834,0.054411764442920695,0.42261772714742973,1.0,0.22794117647058823,ns
wine,0.2,best_val_acc,Distill-S vs Baseline-Student,20,-0.005357146263122559,-0.0160714328289032,0.005357140302658081,0.21801395384895594,1.0,-0.3939393939393939,ns
wine,0.3,best_val_acc,Distill-S vs Baseline-Student,20,-0.005357140302658081,-0.0160714328289032,0.007142862677574158,0.35866403807323666,1.0,-0.3090909090909091,ns
wine,0.4,best_val_acc,Distill-S vs Baseline-Student,20,5.960464477539063e-09,-0.008928567171096802,0.008928588032722473,0.5574801348628696,1.0,0.2222222222222222,ns
wine,0.5,best_val_acc,Distill-S vs Baseline-Student,20,0.003571432828903198,-0.007142844796180725,0.012500008940696717,0.27139601757306,1.0,0.4166666666666667,ns
wine,0.6,best_val_acc,Distill-S vs Baseline-Student,20,0.01607142686843872,0.007142853736877441,0.0267857164144516,0.013874405883025447,0.3329857411926107,1.0,ns
wine,0.7,best_val_acc,Distill-S vs Baseline-Student,20,0.010714292526245117,0.001785719394683838,0.019642865657806395,0.02603627408821327,0.572798029940692,0.8611111111111112,ns
wine,0.8,best_val_acc,Distill-S vs Baseline-Student,20,0.02500000298023224,0.005357146263122559,0.04642857611179352,0.03364536295502513,0.7065526220555278,0.8928571428571429,ns
breastcancer,0.2,e_star,Distill-S vs Baseline-Student,20,13.1,0.2,24.20124999999998,0.007857146442553536,0.16500007529362426,0.7134502923976608,ns
breastcancer,0.3,e_star,Distill-S vs Baseline-Student,20,6.4,-24.25125,28.65124999999998,0.010577858096274139,0.20097930382920864,0.75,ns
breastcancer,0.4,e_star,Distill-S vs Baseline-Student,20,33.25,14.498750000000001,55.501249999999985,0.0011670562869988247,0.02684229460097297,0.8713450292397661,*
breastcancer,0.5,e_star,Distill-S vs Baseline-Student,20,18.8,6.6,33.15124999999998,0.0173090051968246,0.2769440831491936,0.6210526315789474,ns
breastcancer,0.6,e_star,Distill-S vs Baseline-Student,20,35.1,10.498750000000001,65.55,0.002362330299873484,0.051971266597216646,0.7947368421052632,ns
breastcancer,0.7,e_star,Distill-S vs Baseline-Student,20,13.75,-23.85,51.95124999999999,0.11683805015944788,0.870197843324191,0.42105263157894735,ns
breastcancer,0.8,e_star,Distill-S vs Baseline-Student,20,29.4,6.65,59.4,0.014026770516530807,0.23845509878102372,0.6985294117647058,ns
digits,0.2,e_star,Distill-S vs Baseline-Student,20,10.7,-3.95,25.5,0.09659434751047219,0.870197843324191,0.4238095238095238,ns
digits,0.3,e_star,Distill-S vs Baseline-Student,20,17.25,3.4,33.1,0.09352559932972632,0.870197843324191,0.4502923976608187,ns
digits,0.4,e_star,Distill-S vs Baseline-Student,20,39.2,21.89875,58.65,0.0008313289225273848,0.019951894140657234,0.8523809523809524,*
digits,0.5,e_star,Distill-S vs Baseline-Student,20,70.1,48.1,92.35,3.62396240234375e-05,0.0009784698486328125,0.9333333333333333,***
digits,0.6,e_star,Distill-S vs Baseline-Student,20,73.65,55.99875,91.75124999999998,3.814697265625e-06,0.0001068115234375,0.9904761904761905,***
digits,0.7,e_star,Distill-S vs Baseline-Student,20,110.35,77.44875,141.40124999999998,0.0002188021038963283,0.0054700525974082075,0.9428571428571428,**
digits,0.8,e_star,Distill-S vs Baseline-Student,20,138.95,111.89875,165.95,8.844915021211901e-05,0.0022996779055150943,1.0,**
glass,0.2,e_star,Distill-S vs Baseline-Student,20,6.65,-4.7,19.15,0.4564035447089755,1.0,0.19473684210526315,ns
glass,0.3,e_star,Distill-S vs Baseline-Student,20,12.55,-1.15,27.15,0.09089696524544488,0.870197843324191,0.4421052631578947,ns
glass,0.4,e_star,Distill-S vs Baseline-Student,20,21.5,6.25,40.45,0.012243877637127296,0.22038979746829132,0.672514619883041,ns
glass,0.5,e_star,Distill-S vs Baseline-Student,20,23.3,7.45,44.05,0.009688990694446377,0.19377981388892754,0.7352941176470589,ns
glass,0.6,e_star,Distill-S vs Baseline-Student,20,6.6,-8.201249999999998,19.65,0.08701978433241911,0.870197843324191,0.4473684210526316,ns
glass,0.7,e_star,Distill-S vs Baseline-Student,20,17.7,6.55,31.00124999999998,0.01864488377400401,0.27967325661006015,0.631578947368421,ns
glass,0.8,e_star,Distill-S vs Baseline-Student,20,24.0,5.448750000000001,43.90124999999998,0.020556184841961617,0.28778658778746263,0.5904761904761905,ns
wine,0.2,e_star,Distill-S vs Baseline-Student,20,-75.3,-140.7,-7.197500000000036,0.05340584148798349,0.5874642563678184,-0.5052631578947369,ns
wine,0.3,e_star,Distill-S vs Baseline-Student,20,-55.0,-115.15125,7.6,0.11186004073658172,0.870197843324191,-0.41578947368421054,ns
wine,0.4,e_star,Distill-S vs Baseline-Student,20,-27.3,-83.90125,29.95124999999998,0.4939012303138084,1.0,-0.17894736842105263,ns
wine,0.5,e_star,Distill-S vs Baseline-Student,20,4.5,-44.35125,56.751249999999985,0.6377666989276032,1.0,0.14285714285714285,ns
wine,0.6,e_star,Distill-S vs Baseline-Student,20,48.85,7.746250000000003,91.85249999999996,0.04643107334919162,0.5571728801902995,0.5661764705882353,ns
wine,0.7,e_star,Distill-S vs Baseline-Student,20,41.4,9.298750000000002,74.20124999999999,0.0277830284121906,0.3611793693584778,0.5906432748538012,ns
wine,0.8,e_star,Distill-S vs Baseline-Student,20,19.35,-8.351249999999999,48.05124999999998,0.13594673509151767,0.870197843324191,0.48717948717948717,ns
breastcancer,0.2,ece_best,Distill-S vs Baseline-Student,20,0.0033018418309981347,-0.002747128045741929,0.009371298802526374,0.2942523956298828,1.0,0.2761904761904762,ns
breastcancer,0.3,ece_best,Distill-S vs Baseline-Student,20,-0.0012413954787086911,-0.005591469184217725,0.003181286426751238,0.5705966949462891,1.0,-0.1523809523809524,ns
breastcancer,0.4,ece_best,Distill-S vs Baseline-Student,20,0.0018396015229978093,-0.004232478705153126,0.007861459907471093,0.49800872802734375,1.0,0.18095238095238095,ns
breastcancer,0.5,ece_best,Distill-S vs Baseline-Student,20,0.0020284664735459646,-0.0035711117925350906,0.007266851141395305,0.36827659606933594,1.0,0.23809523809523808,ns
breastcancer,0.6,ece_best,Distill-S vs Baseline-Student,20,-0.002346046817930135,-0.007394849366524802,0.002518912662278139,0.4523754119873047,1.0,-0.2,ns
breastcancer,0.7,ece_best,Distill-S vs Baseline-Student,20,-0.003842897739326745,-0.008164551722768107,0.00043678463551036234,0.10539817810058594,1.0,-0.41904761904761906,ns
breastcancer,0.8,ece_best,Distill-S vs Baseline-Student,20,-0.0039902080046503256,-0.007106167442704506,-0.0005460483992570493,0.03276824951171875,0.6881332397460938,-0.5428571428571428,ns
digits,0.2,ece_best,Distill-S vs Baseline-Student,20,0.0071989922059906685,0.0037817059225506164,0.010883085364268866,0.001209259033203125,0.0338592529296875,0.780952380952381,*
digits,0.3,ece_best,Distill-S vs Baseline-Student,20,0.0030492081203394653,-0.0003035209301031218,0.0063936708504334135,0.1230926513671875,1.0,0.4,ns
digits,0.4,ece_best,Distill-S vs Baseline-Student,20,0.0016692819177276399,-0.0015752320367222283,0.0049122632384403595,0.2773551940917969,1.0,0.2857142857142857,ns
digits,0.5,ece_best,Distill-S vs Baseline-Student,20,-0.00350501211567058,-0.006234766816720372,-9.503263731801482e-05,0.012079238891601562,0.27782249450683594,-0.6285714285714286,ns
digits,0.6,ece_best,Distill-S vs Baseline-Student,20,-0.00409728791357746,-0.006662251511588723,-0.0014557263317725247,0.01531219482421875,0.3368682861328125,-0.6095238095238096,ns
digits,0.7,ece_best,Distill-S vs Baseline-Student,20,-0.0030129306680626447,-0.006903234724110611,0.000810435744830291,0.1893482208251953,1.0,-0.34285714285714286,ns
digits,0.8,ece_best,Distill-S vs Baseline-Student,20,-0.006533436795903595,-0.00985868097971092,-0.0032265195297594956,0.002712249755859375,0.07051849365234375,-0.7333333333333333,ns
glass,0.2,ece_best,Distill-S vs Baseline-Student,20,0.0406440164807231,0.01786579031410606,0.06357560771582434,0.00365447998046875,0.09136199951171875,0.7142857142857143,ns
glass,0.3,ece_best,Distill-S vs Baseline-Student,20,0.013527499763078477,-0.008220522469559378,0.03563011000842548,0.3299827575683594,1.0,0.2571428571428571,ns
glass,0.4,ece_best,Distill-S vs Baseline-Student,20,-0.0010729138241257943,-0.02514167853046298,0.02177345202932522,0.9854354858398438,1.0,-0.009523809523809525,ns
glass,0.5,ece_best,Distill-S vs Baseline-Student,20,-0.016607941444530056,-0.05052348198499099,0.014333682612970754,0.4523754119873047,1.0,-0.2,ns
glass,0.6,ece_best,Distill-S vs Baseline-Student,20,-0.021353974210661486,-0.05028168411795482,0.008999311227438087,0.13272666931152344,1.0,-0.3904761904761905,ns
glass,0.7,ece_best,Distill-S vs Baseline-Student,20,0.0018425193636916527,-0.026251526089428462,0.028947356992162953,0.7011814117431641,1.0,0.10476190476190476,ns
glass,0.8,ece_best,Distill-S vs Baseline-Student,20,0.0007139440366001754,-0.03535234781371994,0.038161915143908404,1.0,1.0,0.0,ns
wine,0.2,ece_best,Distill-S vs Baseline-Student,20,0.019496991609533637,0.006975322762090301,0.032106994124543334,0.00830841064453125,0.19940185546875,0.6571428571428571,ns
wine,0.3,ece_best,Distill-S vs Baseline-Student,20,0.01309514881836045,0.005234019357918057,0.02057112054899337,0.0019855499267578125,0.05360984802246094,0.7523809523809524,ns
wine,0.4,ece_best,Distill-S vs Baseline-Student,20,0.002049603934089341,-0.004341211623201791,0.00812720276622309,0.34881019592285156,1.0,0.24761904761904763,ns
wine,0.5,ece_best,Distill-S vs Baseline-Student,20,0.002050954062077736,-0.007679901106490017,0.012084072680316027,0.6742229461669922,1.0,0.11428571428571428,ns
wine,0.6,ece_best,Distill-S vs Baseline-Student,20,-0.01008996446099546,-0.020081227403134123,-0.0005449170753773754,0.082550048828125,1.0,-0.44761904761904764,ns
wine,0.7,ece_best,Distill-S vs Baseline-Student,20,-0.008369161602523604,-0.014896805354704471,-0.0026248402510666165,0.03623390197753906,0.7246780395507812,-0.5333333333333333,ns
wine,0.8,ece_best,Distill-S vs Baseline-Student,20,-0.0001765141056643535,-0.0075006359805249445,0.007771659150926623,0.7011814117431641,1.0,-0.10476190476190476,ns
breastcancer,0.2,ece_final,Distill-S vs Baseline-Student,20,0.0033196928992606256,-0.0014142326043362992,0.008377727442012569,0.2942523956298828,1.0,0.2761904761904762,ns
breastcancer,0.3,ece_final,Distill-S vs Baseline-Student,20,0.0021867170929908896,-0.0015397532872463355,0.005564531972795218,0.24548721313476562,1.0,0.3047619047619048,ns
breastcancer,0.4,ece_final,Distill-S vs Baseline-Student,20,-0.002223066515044165,-0.010153360002134999,0.004652115047762281,0.6476554870605469,1.0,0.12380952380952381,ns
breastcancer,0.5,ece_final,Distill-S vs Baseline-Student,20,-0.00300957296501127,-0.008378983611861882,0.001825961749673922,0.6215133666992188,1.0,-0.13333333333333333,ns
breastcancer,0.6,ece_final,Distill-S vs Baseline-Student,20,-0.006717832386493659,-0.011828132944933137,-0.002336393162085282,0.017181396484375,0.395172119140625,-0.6,ns
breastcancer,0.7,ece_final,Distill-S vs Baseline-Student,20,-0.005321763377440606,-0.010670455897455664,-0.00011995869770384921,0.05316925048828125,1.0,-0.49523809523809526,ns
breastcancer,0.8,ece_final,Distill-S vs Baseline-Student,20,-0.005758575755253176,-0.011608207687866273,0.00013310416487224194,0.10539817810058594,1.0,-0.41904761904761906,ns
digits,0.2,ece_final,Distill-S vs Baseline-Student,20,0.005870301007396659,0.002175885929208673,0.009339634039025345,0.0042209625244140625,0.1013031005859375,0.7047619047619048,ns
digits,0.3,ece_final,Distill-S vs Baseline-Student,20,-0.00022727900495132515,-0.00406190239958881,0.003695737064919516,0.9272785186767578,1.0,-0.02857142857142857,ns
digits,0.4,ece_final,Distill-S vs Baseline-Student,20,-0.00033548828421366486,-0.004198441725948622,0.0032200300828553858,0.7841262817382812,1.0,0.0761904761904762,ns
digits,0.5,ece_final,Distill-S vs Baseline-Student,20,-0.004545342649022725,-0.007930286818753077,-0.0011794404399374187,0.017181396484375,0.395172119140625,-0.6,ns
digits,0.6,ece_final,Distill-S vs Baseline-Student,20,-0.00525608094616072,-0.00797955593241694,-0.0026448546800141816,0.000850677490234375,0.022968292236328125,-0.8,*
digits,0.7,ece_final,Distill-S vs Baseline-Student,20,-0.004996627215296036,-0.008019152401248002,-0.0019514635117052288,0.002712249755859375,0.06780624389648438,-0.7333333333333333,ns
digits,0.8,ece_final,Distill-S vs Baseline-Student,20,-0.008312729663319056,-0.01302180526721187,-0.004032522993007072,0.0019855499267578125,0.051624298095703125,-0.7523809523809524,ns
glass,0.2,ece_final,Distill-S vs Baseline-Student,20,0.02107698151538539,0.003993875982109923,0.03742853239525196,0.029575347900390625,0.6210823059082031,0.5523809523809524,ns
glass,0.3,ece_final,Distill-S vs Baseline-Student,20,0.014035731692646797,-0.006799823769996361,0.03443630988254795,0.21616744995117188,1.0,0.3238095238095238,ns
glass,0.4,ece_final,Distill-S vs Baseline-Student,20,0.001305235956990443,-0.018542874947536828,0.019635324700800493,0.6215133666992188,1.0,0.13333333333333333,ns
glass,0.5,ece_final,Distill-S vs Baseline-Student,20,0.0016817144876302577,-0.023490727134048962,0.027534845992056394,0.7561664581298828,1.0,0.08571428571428572,ns
glass,0.6,ece_final,Distill-S vs Baseline-Student,20,-0.023788217922975852,-0.051279145540712855,0.006020577222455371,0.082550048828125,1.0,-0.44761904761904764,ns
glass,0.7,ece_final,Distill-S vs Baseline-Student,20,-0.0028282294612984363,-0.023689427186063552,0.016730917932595624,0.8983173370361328,1.0,0.0380952380952381,ns
glass,0.8,ece_final,Distill-S vs Baseline-Student,20,-0.02281657890524974,-0.05337521096214999,0.007700115269873046,0.1893482208251953,1.0,-0.34285714285714286,ns
wine,0.2,ece_final,Distill-S vs Baseline-Student,20,0.02273518794940576,0.01295388659255371,0.03290976634973452,0.0004825592041015625,0.01351165771484375,0.8285714285714286,*
wine,0.3,ece_final,Distill-S vs Baseline-Student,20,0.010248702019453042,0.0023667439849426315,0.018393138894397344,0.03623390197753906,0.7246780395507812,0.5333333333333333,ns
wine,0.4,ece_final,Distill-S vs Baseline-Student,20,0.0032871054278479596,-0.0044148258471654635,0.010615167089013573,0.4304332733154297,1.0,0.20952380952380953,ns
wine,0.5,ece_final,Distill-S vs Baseline-Student,20,0.00859172551168336,-0.0004961623841275803,0.01840910600808761,0.1893482208251953,1.0,0.34285714285714286,ns
wine,0.6,ece_final,Distill-S vs Baseline-Student,20,-0.004753770679235455,-0.01268435896995166,0.003517630750106457,0.21616744995117188,1.0,-0.3238095238095238,ns
wine,0.7,ece_final,Distill-S vs Baseline-Student,20,-0.005488892810212251,-0.011461597979068767,0.00013558077315489454,0.08969497680664062,1.0,-0.4380952380952381,ns
wine,0.8,ece_final,Distill-S vs Baseline-Student,20,0.0006046224385500013,-0.0057415972660398934,0.007964503635755849,0.8123550415039062,1.0,-0.06666666666666667,ns
breastcancer,0.2,final_gen_gap,Distill-S vs Baseline-Student,20,-0.007904937659224395,-0.013542450372486877,-0.002175034234580907,0.024209362675438408,0.2663029894298225,-0.5894736842105263,ns
breastcancer,0.3,final_gen_gap,Distill-S vs Baseline-Student,20,-0.00968756723637671,-0.016436166410060443,-0.003292340148021175,0.00889648352429338,0.1334472528644007,-0.6842105263157895,ns
breastcancer,0.4,final_gen_gap,Distill-S vs Baseline-Student,20,-0.009732048642145425,-0.015454864311435964,-0.003730744436451265,0.010981777365178172,0.1537448831124944,-0.6476190476190476,ns
breastcancer,0.5,final_gen_gap,Distill-S vs Baseline-Student,20,-0.007417582352082762,-0.014560439003692829,-4.576784748649921e-10,0.03941912801684298,0.39419128016842986,-0.5686274509803921,ns
breastcancer,0.6,final_gen_gap,Distill-S vs Baseline-Student,20,-0.011244919202099083,-0.017559836866104423,-0.004794520547945196,0.0025201064756818718,0.047882023037955565,-0.7894736842105263,*
breastcancer,0.7,final_gen_gap,Distill-S vs Baseline-Student,20,-0.012027971798723367,-0.01695304659279907,-0.0072727272727272545,0.0008401770128207805,0.01848389428205717,-0.9215686274509803,*
breastcancer,0.8,final_gen_gap,Distill-S vs Baseline-Student,20,-0.011387926748354137,-0.018523256909357345,-0.004666566113903101,0.002932905445052048,0.04985939256588482,-0.9340659340659341,*
digits,0.2,final_gen_gap,Distill-S vs Baseline-Student,20,0.004266405364741446,1.6577344873682445e-05,0.008446116640515961,0.06372261047363281,0.5097808837890625,0.47619047619047616,ns
digits,0.3,final_gen_gap,Distill-S vs Baseline-Student,20,0.0026405039152003103,-0.0033330667413169666,0.008167171920771165,0.2305126190185547,1.0,0.3142857142857143,ns
digits,0.4,final_gen_gap,Distill-S vs Baseline-Student,20,-0.0031515491440676042,-0.007652227511440451,0.001378061206660421,0.20244979858398438,1.0,-0.3333333333333333,ns
digits,0.5,final_gen_gap,Distill-S vs Baseline-Student,20,-0.008874720791111814,-0.013489786092094742,-0.004258748163606797,0.002712249755859375,0.04882049560546875,-0.7333333333333333,*
digits,0.6,final_gen_gap,Distill-S vs Baseline-Student,20,-0.013971371754356015,-0.019284201471701866,-0.008679370860690629,0.0005927619658566589,0.014226287180559814,-0.8761904761904762,*
digits,0.7,final_gen_gap,Distill-S vs Baseline-Student,20,-0.013060151571812803,-0.018807795959970192,-0.00690549157149545,0.002200013062890384,0.044000261257807684,-0.780952380952381,*
digits,0.8,final_gen_gap,Distill-S vs Baseline-Student,20,-0.02085820016653641,-0.02730120633153812,-0.01502272101200144,1.9073486328125e-06,5.340576171875e-05,-1.0,***
glass,0.2,final_gen_gap,Distill-S vs Baseline-Student,20,-0.08764706224203107,-0.12417179242995646,-0.050453207346526044,0.0003948211669921875,0.009870529174804688,-0.8380952380952381,**
glass,0.3,final_gen_gap,Distill-S vs Baseline-Student,20,-0.07668504516283672,-0.09972502897183103,-0.05220510666569075,0.00018876804289503734,0.0050967371581660086,-0.9523809523809523,**
glass,0.4,final_gen_gap,Distill-S vs Baseline-Student,20,-0.06773564242813959,-0.09635054453130225,-0.040113392651799216,0.0006798746354693245,0.015637116615794464,-0.8666666666666667,*
glass,0.5,final_gen_gap,Distill-S vs Baseline-Student,20,-0.044181575334590426,-0.0682651166995798,-0.01990567881775944,0.0042209625244140625,0.067535400390625,-0.7047619047619048,ns
glass,0.6,final_gen_gap,Distill-S vs Baseline-Student,20,-0.07622995222156696,-0.10871792429956523,-0.04467915492978961,0.0003223419189453125,0.008380889892578125,-0.8476190476190476,**
glass,0.7,final_gen_gap,Distill-S vs Baseline-Student,20,-0.07156863262255986,-0.10574230033726917,-0.038233545860719136,0.002066658724299924,0.04339983321029841,-0.7857142857142857,*
glass,0.8,final_gen_gap,Distill-S vs Baseline-Student,20,-0.043697475748402735,-0.08371847900428944,-0.002728459334799247,0.05316925048828125,0.47852325439453125,-0.49523809523809526,ns
wine,0.2,final_gen_gap,Distill-S vs Baseline-Student,20,-0.00046583297459978494,-0.011180119540380399,0.010791934832282645,0.9546618765776956,1.0,-0.016666666666666666,ns
wine,0.3,final_gen_gap,Distill-S vs Baseline-Student,20,0.00035714030265809014,-0.01151786267757414,0.011607137322425845,0.7527247987155536,1.0,0.09523809523809523,ns
wine,0.4,final_gen_gap,Distill-S vs Baseline-Student,20,-0.0036231943662615703,-0.015062118613201631,0.00820392650970515,0.38170066918985734,1.0,-0.28205128205128205,ns
wine,0.5,final_gen_gap,Distill-S vs Baseline-Student,20,-0.00444862581135934,-0.013377204903385084,0.0045112718837825765,0.15573963895882859,0.9344378337529715,-0.5555555555555556,ns
wine,0.6,final_gen_gap,Distill-S vs Baseline-Student,20,-0.016459626477697626,-0.02787267591642297,-0.006444096824397211,0.0169473483375683,0.22031552838838792,-1.0,ns
wine,0.7,final_gen_gap,Distill-S vs Baseline-Student,20,-0.010357147540364936,-0.022500005534717003,0.0017857044935226632,0.09088878524572704,0.6362214967200892,-0.6666666666666666,ns
wine,0.8,final_gen_gap,Distill-S vs Baseline-Student,20,-0.028959629457929854,-0.05000389083248116,-0.01071428656578064,0.01775592261403605,0.22031552838838792,-1.0,ns
breastcancer,0.2,test_acc_best,Distill-S vs Baseline-Student,20,-0.00614035087719299,-0.012280701754385975,-0.00043859649122807154,0.069689329476337,1.0,-0.5604395604395604,ns
breastcancer,0.3,test_acc_best,Distill-S vs Baseline-Student,20,0.0013157894736842036,-0.004385964912280715,0.007017543859649128,0.7032029658251818,1.0,0.11428571428571428,ns
breastcancer,0.4,test_acc_best,Distill-S vs Baseline-Student,20,0.004824561403508776,-0.0021929824561403633,0.01228070175438598,0.23273783772535095,1.0,0.38461538461538464,ns
breastcancer,0.5,test_acc_best,Distill-S vs Baseline-Student,20,0.003508771929824561,-0.0026425438596491364,0.010087719298245618,0.3964389152571207,1.0,0.26373626373626374,ns
breastcancer,0.6,test_acc_best,Distill-S vs Baseline-Student,20,0.004385964912280721,-0.0008771929824561264,0.010087719298245628,0.08442085299721569,1.0,0.5,ns
breastcancer,0.7,test_acc_best,Distill-S vs Baseline-Student,20,0.0026315789473684236,-0.0017543859649122918,0.00789473684210526,0.30137709013721026,1.0,0.36363636363636365,ns
breastcancer,0.8,test_acc_best,Distill-S vs Baseline-Student,20,0.005263157894736853,0.0013157894736842257,0.009210526315789492,0.017042460000735966,0.3919765800169272,0.803030303030303,ns
digits,0.2,test_acc_best,Distill-S vs Baseline-Student,20,-0.012361111111111068,-0.016944444444444418,-0.008194444444444365,0.00021330550375488308,0.005972554105136726,-0.9428571428571428,**
digits,0.3,test_acc_best,Distill-S vs Baseline-Student,20,-0.0030555555555555947,-0.0069444444444444475,0.0011111111111110849,0.11763224223617,1.0,-0.43137254901960786,ns
digits,0.4,test_acc_best,Distill-S vs Baseline-Student,20,0.0026388888888888907,-0.0016666666666666553,0.007361111111111063,0.48942563457621036,1.0,0.20952380952380953,ns
digits,0.5,test_acc_best,Distill-S vs Baseline-Student,20,0.006805555555555542,0.0029166666666666564,0.010972222222222166,0.004954189961368172,0.1238547490342043,0.7543859649122807,ns
digits,0.6,test_acc_best,Distill-S vs Baseline-Student,20,0.006944444444444475,0.0026388888888888686,0.011249999999999993,0.009169693917320209,0.22007265401568502,0.6789473684210526,ns
digits,0.7,test_acc_best,Distill-S vs Baseline-Student,20,0.009999999999999964,0.006388888888888861,0.013472222222222214,0.0006235990483817754,0.01621357525792616,0.9181286549707602,*
digits,0.8,test_acc_best,Distill-S vs Baseline-Student,20,0.016666666666666673,0.010694444444444468,0.022777777777777786,0.00025170853516275424,0.006796130449394365,0.9333333333333333,**
glass,0.2,test_acc_best,Distill-S vs Baseline-Student,20,-0.02441860465116279,-0.0686046511627907,0.023255813953488375,0.22147986249572282,1.0,-0.32748538011695905,ns
glass,0.3,test_acc_best,Distill-S vs Baseline-Student,20,0.011627906976744182,-0.017441860465116275,0.0441860465116279,0.7528644840936247,1.0,0.09166666666666666,ns
glass,0.4,test_acc_best,Distill-S vs Baseline-Student,20,0.022093023255813953,-0.005813953488372087,0.05348837209302326,0.2783887332991658,1.0,0.31666666666666665,ns
glass,0.5,test_acc_best,Distill-S vs Baseline-Student,20,0.027906976744186053,-0.004651162790697672,0.06046511627906979,0.12329159799800908,1.0,0.4,ns
glass,0.6,test_acc_best,Distill-S vs Baseline-Student,20,-0.018604651162790704,-0.05581395348837208,0.016279069767441857,0.28581286955330065,1.0,-0.29411764705882354,ns
glass,0.7,test_acc_best,Distill-S vs Baseline-Student,20,0.004651162790697666,-0.024418604651162794,0.031395348837209305,0.8638592750463294,1.0,0.05,ns
glass,0.8,test_acc_best,Distill-S vs Baseline-Student,20,0.02558139534883721,-0.025581395348837188,0.07325581395348837,0.2759184328479347,1.0,0.29239766081871343,ns
wine,0.2,test_acc_best,Distill-S vs Baseline-Student,20,0.004166666666666668,-0.011111111111111117,0.018055555555555564,0.4502607283955288,1.0,0.20833333333333334,ns
wine,0.3,test_acc_best,Distill-S vs Baseline-Student,20,0.005555555555555558,-0.004166666666666668,0.015277777777777784,0.28504940740261275,1.0,0.3333333333333333,ns
wine,0.4,test_acc_best,Distill-S vs Baseline-Student,20,0.009722222222222226,0.0,0.020833333333333343,0.08808151166219029,1.0,0.5454545454545454,ns
wine,0.5,test_acc_best,Distill-S vs Baseline-Student,20,0.0069444444444444475,-0.0013888888888888896,0.015277777777777784,0.13166801602281422,1.0,0.5555555555555556,ns
wine,0.6,test_acc_best,Distill-S vs Baseline-Student,20,0.011111111111111117,0.0,0.022222222222222233,0.08517902784495152,1.0,0.5606060606060606,ns
wine,0.7,test_acc_best,Distill-S vs Baseline-Student,20,0.009722222222222226,0.0013888888888888896,0.018055555555555564,0.05220363534131467,1.0,0.6363636363636364,ns
wine,0.8,test_acc_best,Distill-S vs Baseline-Student,20,0.0013888888888888896,-0.0069444444444444475,0.011111111111111117,0.763024600552995,1.0,0.1111111111111111,ns
breastcancer,0.2,test_acc_final,Distill-S vs Baseline-Student,20,-0.0048245614035087704,-0.013157894736842108,0.003508771929824556,0.2982925447890007,1.0,-0.29411764705882354,ns
breastcancer,0.3,test_acc_final,Distill-S vs Baseline-Student,20,-2.2204460492503132e-17,-0.007017543859649145,0.007017543859649112,0.8194914127618541,1.0,-0.06666666666666667,ns
breastcancer,0.4,test_acc_final,Distill-S vs Baseline-Student,20,0.005263157894736847,-0.0021929824561403464,0.012719298245614052,0.15270801019387775,1.0,0.4166666666666667,ns
breastcancer,0.5,test_acc_final,Distill-S vs Baseline-Student,20,0.0065789473684210505,-0.00043859649122807154,0.014035087719298239,0.12283854595303288,1.0,0.4264705882352941,ns
breastcancer,0.6,test_acc_final,Distill-S vs Baseline-Student,20,0.008333333333333364,0.00219298245614038,0.014473684210526356,0.014102792744270684,0.29615864762968436,0.6911764705882353,ns
breastcancer,0.7,test_acc_final,Distill-S vs Baseline-Student,20,0.007894736842105277,0.004385964912280704,0.01140350877192985,0.00257593156312113,0.06439828907802825,0.8952380952380953,ns
breastcancer,0.8,test_acc_final,Distill-S vs Baseline-Student,20,0.010087719298245623,0.004824561403508787,0.015350877192982481,0.0028432106496373436,0.06823705559129625,0.7894736842105263,ns
digits,0.2,test_acc_final,Distill-S vs Baseline-Student,20,-0.014722222222222203,-0.02083333333333328,-0.00930555555555559,0.00023368046506260624,0.006309372556690368,-0.9380952380952381,**
digits,0.3,test_acc_final,Distill-S vs Baseline-Student,20,-0.004027777777777808,-0.008472222222222225,0.0006944444444444364,0.06826048529098303,1.0,-0.5032679738562091,ns
digits,0.4,test_acc_final,Distill-S vs Baseline-Student,20,0.0005555555555555647,-0.0030555555555554894,0.00444444444444444,0.8257104345598439,1.0,0.06666666666666667,ns
digits,0.5,test_acc_final,Distill-S vs Baseline-Student,20,0.005277777777777798,0.001944444444444454,0.008888888888888946,0.012025913934449727,0.2765960204923437,0.6928104575163399,ns
digits,0.6,test_acc_final,Distill-S vs Baseline-Student,20,0.003888888888888892,-0.0002777777777777492,0.008197916666666647,0.16948199001218966,1.0,0.44871794871794873,ns
digits,0.7,test_acc_final,Distill-S vs Baseline-Student,20,0.009027777777777796,0.005694444444444446,0.012500000000000039,0.00043295147541086676,0.011256738360682536,1.0,*
digits,0.8,test_acc_final,Distill-S vs Baseline-Student,20,0.015138888888888858,0.010277777777777736,0.02041666666666663,0.00011829794160189008,0.0033123423648529224,0.9809523809523809,**
glass,0.2,test_acc_final,Distill-S vs Baseline-Student,20,-0.0255813953488372,-0.06627906976744184,0.01976744186046512,0.14732171694097326,1.0,-0.4117647058823529,ns
glass,0.3,test_acc_final,Distill-S vs Baseline-Student,20,-0.003488372093023248,-0.030232558139534894,0.03372093023255813,0.2285606391630809,1.0,-0.3216374269005848,ns
glass,0.4,test_acc_final,Distill-S vs Baseline-Student,20,-0.006976744186046513,-0.025581395348837205,0.010465116279069769,0.5294615716299453,1.0,-0.18333333333333332,ns
glass,0.5,test_acc_final,Distill-S vs Baseline-Student,20,0.012790697674418617,-0.015116279069767435,0.0418604651162791,0.432751328871553,1.0,0.21568627450980393,ns
glass,0.6,test_acc_final,Distill-S vs Baseline-Student,20,-0.004651162790697674,-0.037209302325581395,0.024447674418604237,0.9545332402421146,1.0,0.016666666666666666,ns
glass,0.7,test_acc_final,Distill-S vs Baseline-Student,20,0.026744186046511638,0.0011627906976744208,0.054651162790697684,0.12058887550796724,1.0,0.4152046783625731,ns
glass,0.8,test_acc_final,Distill-S vs Baseline-Student,20,0.0255813953488372,-0.012790697674418617,0.06511627906976743,0.1867215425058214,1.0,0.375,ns
wine,0.2,test_acc_final,Distill-S vs Baseline-Student,20,0.004166666666666668,-0.011111111111111117,0.018055555555555564,0.4502607283955288,1.0,0.20833333333333334,ns
wine,0.3,test_acc_final,Distill-S vs Baseline-Student,20,0.008333333333333337,-0.0013888888888888896,0.018055555555555564,0.10880943004054568,1.0,0.42857142857142855,ns
wine,0.4,test_acc_final,Distill-S vs Baseline-Student,20,0.011111111111111117,0.0013888888888888896,0.022222222222222233,0.05878172135535886,1.0,0.5769230769230769,ns
wine,0.5,test_acc_final,Distill-S vs Baseline-Student,20,0.008333333333333337,0.0,0.018055555555555564,0.0832645166635504,1.0,0.6,ns
wine,0.6,test_acc_final,Distill-S vs Baseline-Student,20,0.013888888888888895,0.005555555555555558,0.02361111111111112,0.01293409326524844,0.28455005183546567,0.8363636363636363,ns
wine,0.7,test_acc_final,Distill-S vs Baseline-Student,20,0.009722222222222226,0.0013888888888888896,0.018055555555555564,0.05220363534131467,1.0,0.6363636363636364,ns
wine,0.8,test_acc_final,Distill-S vs Baseline-Student,20,0.0013888888888888896,-0.0069444444444444475,0.011111111111111117,0.763024600552995,1.0,0.1111111111111111,ns
breastcancer,0.2,test_loss_best,Distill-S vs Baseline-Student,20,-0.0031571768224239296,-0.028735639988444722,0.01726526562124489,0.5705966949462891,1.0,0.1523809523809524,ns
breastcancer,0.3,test_loss_best,Distill-S vs Baseline-Student,20,-0.014069391135126359,-0.041334854215383535,0.007734264712780694,0.6215133666992188,1.0,-0.13333333333333333,ns
breastcancer,0.4,test_loss_best,Distill-S vs Baseline-Student,20,-0.016934321075677886,-0.04536853837314995,0.004497549878433333,0.5458755493164062,1.0,-0.1619047619047619,ns
breastcancer,0.5,test_loss_best,Distill-S vs Baseline-Student,20,-0.016079969890415668,-0.03746828321367502,0.004675924661569287,0.069580078125,0.9558391571044922,-0.4666666666666667,ns
breastcancer,0.6,test_loss_best,Distill-S vs Baseline-Student,20,-0.010707076452672487,-0.02141885821241886,-0.0007560570817440809,0.06372261047363281,0.9558391571044922,-0.47619047619047616,ns
breastcancer,0.7,test_loss_best,Distill-S vs Baseline-Student,20,-0.013990818336606032,-0.02195711358450354,-0.006364562492817648,0.0031528472900390625,0.07251548767089844,-0.7238095238095238,ns
breastcancer,0.8,test_loss_best,Distill-S vs Baseline-Student,20,-0.012760336417704816,-0.021765722853597253,-0.00466882555978373,0.0031528472900390625,0.07251548767089844,-0.7238095238095238,ns
digits,0.2,test_loss_best,Distill-S vs Baseline-Student,20,0.03216084577143193,0.020310079939663415,0.04366906183771788,0.000133514404296875,0.00347137451171875,0.8857142857142857,**
digits,0.3,test_loss_best,Distill-S vs Baseline-Student,20,0.0032663639634847607,-0.007992585394531501,0.015451244693249466,0.8123550415039062,1.0,0.06666666666666667,ns
digits,0.4,test_loss_best,Distill-S vs Baseline-Student,20,-0.005268310382962238,-0.018174952482804683,0.008150281514972421,0.5458755493164062,1.0,-0.1619047619047619,ns
digits,0.5,test_loss_best,Distill-S vs Baseline-Student,20,-0.022118748351931575,-0.0334794244915247,-0.010563604105263953,0.001689910888671875,0.040557861328125,-0.7619047619047619,*
digits,0.6,test_loss_best,Distill-S vs Baseline-Student,20,-0.02707147113978865,-0.03947210364043713,-0.013791695339605246,0.0014324188232421875,0.03581047058105469,-0.7714285714285715,*
digits,0.7,test_loss_best,Distill-S vs Baseline-Student,20,-0.034975557774305346,-0.04609190655872225,-0.02324946176260711,3.62396240234375e-05,0.0009784698486328125,-0.9333333333333333,***
digits,0.8,test_loss_best,Distill-S vs Baseline-Student,20,-0.05833065509796144,-0.07555471405386925,-0.04200667694211007,1.9073486328125e-06,5.340576171875e-05,-1.0,***
glass,0.2,test_loss_best,Distill-S vs Baseline-Student,20,0.07478014528751378,0.011136789545416852,0.1406195189803839,0.01531219482421875,0.32155609130859375,0.6095238095238096,ns
glass,0.3,test_loss_best,Distill-S vs Baseline-Student,20,0.012188473343849171,-0.044712520986795457,0.06032598935067653,0.1893482208251953,1.0,0.34285714285714286,ns
glass,0.4,test_loss_best,Distill-S vs Baseline-Student,20,-0.04298025667667389,-0.10371896468102931,0.012078288272023193,0.38837623596191406,1.0,-0.22857142857142856,ns
glass,0.5,test_loss_best,Distill-S vs Baseline-Student,20,-0.06254657506942748,-0.12086474388837813,-0.00887877136468888,0.09730720520019531,1.0,-0.42857142857142855,ns
glass,0.6,test_loss_best,Distill-S vs Baseline-Student,20,-0.041484254598617584,-0.12405442394316196,0.03841070972383016,0.5216732025146484,1.0,-0.17142857142857143,ns
glass,0.7,test_loss_best,Distill-S vs Baseline-Student,20,-0.062479409575462344,-0.11620220534503461,-0.009552212432026842,0.039989471435546875,0.7597999572753906,-0.5238095238095238,ns
glass,0.8,test_loss_best,Distill-S vs Baseline-Student,20,-0.08513516485691068,-0.164057465493679,-0.006943678706884392,0.04405403137207031,0.7597999572753906,-0.5142857142857142,ns
wine,0.2,test_loss_best,Distill-S vs Baseline-Student,20,0.010479377102456054,-0.01559566119256487,0.03759477106737905,0.6476554870605469,1.0,0.12380952380952381,ns
wine,0.3,test_loss_best,Distill-S vs Baseline-Student,20,0.0024272140741231863,-0.01462646198109724,0.019551399301672056,0.7561664581298828,1.0,0.08571428571428572,ns
wine,0.4,test_loss_best,Distill-S vs Baseline-Student,20,-0.020675258111441507,-0.037959602671908226,-0.004572990062733896,0.04844093322753906,0.775054931640625,-0.5047619047619047,ns
wine,0.5,test_loss_best,Distill-S vs Baseline-Student,20,-0.01755014210939407,-0.03798809719504788,0.0015526968101039523,0.13272666931152344,1.0,-0.3904761904761905,ns
wine,0.6,test_loss_best,Distill-S vs Baseline-Student,20,-0.02060262407176198,-0.038726070820121083,-0.0025142881902866375,0.06372261047363281,0.9558391571044922,-0.47619047619047616,ns
wine,0.7,test_loss_best,Distill-S vs Baseline-Student,20,-0.019750039000064147,-0.03633397488621998,-0.005046659442596146,0.039989471435546875,0.7597999572753906,-0.5238095238095238,ns
wine,0.8,test_loss_best,Distill-S vs Baseline-Student,20,-0.02723775561898948,-0.047818791954778145,-0.007721700647380205,0.029575347900390625,0.5915069580078125,-0.5523809523809524,ns
breastcancer,0.2,test_loss_final,Distill-S vs Baseline-Student,20,-0.013096606638282531,-0.04444471781840548,0.01283742260187863,0.7841262817382812,1.0,-0.0761904761904762,ns
breastcancer,0.3,test_loss_final,Distill-S vs Baseline-Student,20,-0.02454543216153978,-0.056429478246718644,0.0012870536046102868,0.26109886169433594,1.0,-0.29523809523809524,ns
breastcancer,0.4,test_loss_final,Distill-S vs Baseline-Student,20,-0.034442629385739575,-0.07029400256462394,-0.005971529954113101,0.06372261047363281,0.7646713256835938,-0.47619047619047616,ns
breastcancer,0.5,test_loss_final,Distill-S vs Baseline-Student,20,-0.034785475884564224,-0.06335316402488389,-0.007221962751937121,0.0042209625244140625,0.08441925048828125,-0.7047619047619048,ns
breastcancer,0.6,test_loss_final,Distill-S vs Baseline-Student,20,-0.028372739721089613,-0.045084263239987224,-0.01336804259335622,0.0003948211669921875,0.0094757080078125,-0.8380952380952381,**
breastcancer,0.7,test_loss_final,Distill-S vs Baseline-Student,20,-0.021765462681651103,-0.03480805876664818,-0.009568605185486393,0.002712249755859375,0.056957244873046875,-0.7333333333333333,ns
breastcancer,0.8,test_loss_final,Distill-S vs Baseline-Student,20,-0.02084533823654055,-0.03257450224133207,-0.011011191839352277,0.0003223419189453125,0.008380889892578125,-0.8476190476190476,**
digits,0.2,test_loss_final,Distill-S vs Baseline-Student,20,0.030132210254669202,0.017142808279022585,0.04265744979493321,0.0003223419189453125,0.008380889892578125,0.8476190476190476,**
digits,0.3,test_loss_final,Distill-S vs Baseline-Student,20,-0.0008055683225393247,-0.012868862720206372,0.011760967904701837,0.9272785186767578,1.0,-0.02857142857142857,ns
digits,0.4,test_loss_final,Distill-S vs Baseline-Student,20,-0.010158715024590495,-0.023746451921761027,0.004161166157573451,0.13272666931152344,1.0,-0.3904761904761905,ns
digits,0.5,test_loss_final,Distill-S vs Baseline-Student,20,-0.02432694658637047,-0.037500668931752454,-0.011480584722012285,0.0014324188232421875,0.03294563293457031,-0.7714285714285715,*
digits,0.6,test_loss_final,Distill-S vs Baseline-Student,20,-0.0294121626764536,-0.04257045311853291,-0.015376075236126795,0.0014324188232421875,0.03294563293457031,-0.7714285714285715,*
digits,0.7,test_loss_final,Distill-S vs Baseline-Student,20,-0.03951894752681255,-0.05221223493106663,-0.026163667915388936,1.9073486328125e-05,0.000514984130859375,-0.9523809523809523,***
digits,0.8,test_loss_final,Distill-S vs Baseline-Student,20,-0.0637294515967369,-0.08297422751784325,-0.04509927161037924,1.9073486328125e-06,5.340576171875e-05,-1.0,***
glass,0.2,test_loss_final,Distill-S vs Baseline-Student,20,0.05582972764968872,-0.013030415549874302,0.11965509131550787,0.021484375,0.365234375,0.580952380952381,ns
glass,0.3,test_loss_final,Distill-S vs Baseline-Student,20,0.011022526025772122,-0.059632834419608094,0.06943737059831624,0.14290618896484375,1.0,0.38095238095238093,ns
glass,0.4,test_loss_final,Distill-S vs Baseline-Student,20,-0.026407057046890264,-0.08311017945408819,0.023499036803841578,0.9854354858398438,1.0,-0.009523809523809525,ns
glass,0.5,test_loss_final,Distill-S vs Baseline-Student,20,-0.0412961930036545,-0.10209502749145032,0.014948582276701913,0.38837623596191406,1.0,-0.22857142857142856,ns
glass,0.6,test_loss_final,Distill-S vs Baseline-Student,20,-0.047912216186523485,-0.1296662434190513,0.020379217863082732,0.5958194732666016,1.0,-0.14285714285714285,ns
glass,0.7,test_loss_final,Distill-S vs Baseline-Student,20,-0.08571269214153288,-0.14786904789507388,-0.026965585201978642,0.021484375,0.365234375,-0.580952380952381,ns
glass,0.8,test_loss_final,Distill-S vs Baseline-Student,20,-0.10867013633251192,-0.19344228588044646,-0.028649868071079283,0.009435653686523438,0.1792774200439453,-0.6476190476190476,ns
wine,0.2,test_loss_final,Distill-S vs Baseline-Student,20,0.011362166641629303,-0.016783656345796767,0.040922225859831074,0.5705966949462891,1.0,0.1523809523809524,ns
wine,0.3,test_loss_final,Distill-S vs Baseline-Student,20,-0.001463067272561603,-0.020100251282347013,0.01763564859938925,0.7841262817382812,1.0,-0.0761904761904762,ns
wine,0.4,test_loss_final,Distill-S vs Baseline-Student,20,-0.01988814058713615,-0.0370377487479709,-0.00366386167181191,0.039989471435546875,0.5598526000976562,-0.5238095238095238,ns
wine,0.5,test_loss_final,Distill-S vs Baseline-Student,20,-0.017888862872496254,-0.03811350966570899,0.0011959509726147855,0.17685317993164062,1.0,-0.3523809523809524,ns
wine,0.6,test_loss_final,Distill-S vs Baseline-Student,20,-0.01979562542401255,-0.038047017159406116,-0.002294695030432198,0.04844093322753906,0.6297321319580078,-0.5047619047619047,ns
wine,0.7,test_loss_final,Distill-S vs Baseline-Student,20,-0.019506774563342332,-0.037046784262638535,-0.004558850245084607,0.029575347900390625,0.4436302185058594,-0.5523809523809524,ns
wine,0.8,test_loss_final,Distill-S vs Baseline-Student,20,-0.02762441197410227,-0.048005075289402156,-0.008372506599407649,0.017181396484375,0.30926513671875,-0.6,ns
