dataset,alpha,metric,contrast,n_seeds,mean_diff,ci_low,ci_high,p_wilcoxon,p_holm,r_rank_biserial,sig
breastcancer,0.0,best_val_acc,Distill-S vs Baseline-LS,20,2.2204460492503132e-17,-0.00659340620040888,0.006043955683708263,0.9365906071613355,1.0,0.02564102564102564,ns
breastcancer,0.2,best_val_acc,Distill-S vs Baseline-LS,20,-0.004945054650306685,-0.010439559817314143,0.0005494505167007613,0.15392248276975698,1.0,-0.46153846153846156,ns
breastcancer,0.4,best_val_acc,Distill-S vs Baseline-LS,20,-0.0016483515501022506,-0.007692307233810436,0.005494505167007413,0.36888560134202775,1.0,-0.26666666666666666,ns
breastcancer,0.6,best_val_acc,Distill-S vs Baseline-LS,20,-0.004395604133605968,-0.009340658783912686,1.1102230246251566e-17,0.10264709213813315,1.0,-0.5454545454545454,ns
breastcancer,0.8,best_val_acc,Distill-S vs Baseline-LS,20,-0.004945054650306707,-0.009890109300613426,-0.0005494505167007391,0.06417639475454485,1.0,-0.6888888888888889,ns
breastcancer,1.0,best_val_acc,Distill-S vs Baseline-LS,20,-0.0027472525835037288,-0.007692307233810436,0.0016483515501022395,0.35616071278322725,1.0,-0.3611111111111111,ns
digits,0.0,best_val_acc,Distill-S vs Baseline-LS,20,-0.008362364768981922,-0.010975602269172663,-0.005749127268791188,0.00038187509667534595,0.008401252126857611,-0.9532163742690059,**
digits,0.2,best_val_acc,Distill-S vs Baseline-LS,20,-0.012195119261741666,-0.016376304626464878,-0.008013939857482971,0.00031000866839720604,0.007130199373135739,-0.9421052631578948,**
digits,0.4,best_val_acc,Distill-S vs Baseline-LS,20,-0.01097560524940489,-0.015331006050109819,-0.006620198488235446,0.0008524964472644048,0.017049928945288097,-0.8947368421052632,*
digits,0.6,best_val_acc,Distill-S vs Baseline-LS,20,-0.012195122241973893,-0.018466904759407026,-0.006097564101219194,0.0026400285271959037,0.05016054201672217,-0.8300653594771242,ns
digits,0.8,best_val_acc,Distill-S vs Baseline-LS,20,-0.014285710453987143,-0.01968640096485621,-0.009059232473373462,0.0004983279085286551,0.010464886079101758,-0.9105263157894737,*
digits,1.0,best_val_acc,Distill-S vs Baseline-LS,20,-0.01376306712627413,-0.018292683362960842,-0.009233453869819663,0.00023163740677081243,0.005559297762499499,-0.9883040935672515,**
glass,0.0,best_val_acc,Distill-S vs Baseline-LS,20,0.004411759972572327,-0.01911765038967133,0.02647058367729187,0.6133248607359906,1.0,0.1523809523809524,ns
glass,0.2,best_val_acc,Distill-S vs Baseline-LS,20,-0.016176469624042514,-0.04852940887212755,0.010294121503829962,0.5194869482390791,1.0,-0.17647058823529413,ns
glass,0.4,best_val_acc,Distill-S vs Baseline-LS,20,0.0014705866575241062,-0.02205882817506791,0.024999997019767767,0.9431210136210262,1.0,0.0196078431372549,ns
glass,0.6,best_val_acc,Distill-S vs Baseline-LS,20,5.960464477539063e-09,-0.026470577716827388,0.020588243007659913,0.45456000940001007,1.0,0.24358974358974358,ns
glass,0.8,best_val_acc,Distill-S vs Baseline-LS,20,-0.011764703691005709,-0.045588234066963204,0.014705890417098999,0.886517960546981,1.0,-0.041666666666666664,ns
glass,1.0,best_val_acc,Distill-S vs Baseline-LS,20,-0.01323529183864594,-0.04264705926179886,0.013235294818878179,0.4791607583501728,1.0,-0.23076923076923078,ns
wine,0.0,best_val_acc,Distill-S vs Baseline-LS,20,-0.0017857104539871216,-0.014285719394683838,0.0125,1.0,1.0,0.0,ns
wine,0.2,best_val_acc,Distill-S vs Baseline-LS,20,0.003571432828903198,-0.01071428656578064,0.017857152223587035,0.5055707258803321,1.0,0.24444444444444444,ns
wine,0.4,best_val_acc,Distill-S vs Baseline-LS,20,-0.0035714268684387206,-0.016071423888206482,0.00714285671710968,0.7257209852083116,1.0,-0.14285714285714285,ns
wine,0.6,best_val_acc,Distill-S vs Baseline-LS,20,-0.0017857134342193603,-0.01428571343421936,0.010714289546012879,0.7920689965469446,1.0,-0.10714285714285714,ns
wine,0.8,best_val_acc,Distill-S vs Baseline-LS,20,-0.005357146263122559,-0.017857152223587035,0.005357140302658081,0.3795370857491177,1.0,-0.35714285714285715,ns
wine,1.0,best_val_acc,Distill-S vs Baseline-LS,20,-0.00535714328289032,-0.016071429848670958,0.0035714268684387206,0.31731050786291415,1.0,-0.42857142857142855,ns
breastcancer,0.0,e_star,Distill-S vs Baseline-LS,20,-18.4,-42.5,5.501249999999982,0.14024012294537247,1.0,-0.3761904761904762,ns
breastcancer,0.2,e_star,Distill-S vs Baseline-LS,20,-2.65,-39.00125,37.45,0.3222556468702219,1.0,-0.2523809523809524,ns
breastcancer,0.4,e_star,Distill-S vs Baseline-LS,20,-13.75,-50.7,26.0,0.09290617826898358,1.0,-0.42857142857142855,ns
breastcancer,0.6,e_star,Distill-S vs Baseline-LS,20,-14.6,-50.8,25.25,0.09662339774095825,1.0,-0.4238095238095238,ns
breastcancer,0.8,e_star,Distill-S vs Baseline-LS,20,-11.65,-53.0025,34.70124999999999,0.05216055045471801,0.7824082568207702,-0.49523809523809526,ns
breastcancer,1.0,e_star,Distill-S vs Baseline-LS,20,-26.4,-59.85125,11.8,0.008472377988717274,0.18639231575178003,-0.6714285714285714,ns
digits,0.0,e_star,Distill-S vs Baseline-LS,20,19.75,0.5,38.251249999999985,0.05316925048828125,0.7824082568207702,0.49523809523809526,ns
digits,0.2,e_star,Distill-S vs Baseline-LS,20,0.4,-28.95,30.25,0.9039076325167246,1.0,-0.031578947368421054,ns
digits,0.4,e_star,Distill-S vs Baseline-LS,20,21.3,-12.1,55.35,0.2548092680556696,1.0,0.2904761904761905,ns
digits,0.6,e_star,Distill-S vs Baseline-LS,20,-7.0,-37.05,22.45249999999996,0.562787032479726,1.0,-0.14761904761904762,ns
digits,0.8,e_star,Distill-S vs Baseline-LS,20,-1.2,-27.85125,26.25124999999998,0.9851046895658867,1.0,-0.004761904761904762,ns
digits,1.0,e_star,Distill-S vs Baseline-LS,20,47.45,-5.201249999999999,101.25249999999997,0.21616744995117188,1.0,0.3238095238095238,ns
glass,0.0,e_star,Distill-S vs Baseline-LS,20,7.55,-12.7,29.85,0.9305010079038696,1.0,-0.023391812865497075,ns
glass,0.2,e_star,Distill-S vs Baseline-LS,20,-11.2,-25.50125,0.6,0.09352559932972632,1.0,-0.4502923976608187,ns
glass,0.4,e_star,Distill-S vs Baseline-LS,20,-15.05,-28.35125,-3.9,0.009986915080236209,0.20965178828380943,-0.6736842105263158,ns
glass,0.6,e_star,Distill-S vs Baseline-LS,20,-3.85,-22.0,14.551249999999982,0.25722224868542654,1.0,-0.30409356725146197,ns
glass,0.8,e_star,Distill-S vs Baseline-LS,20,-18.8,-39.05,-0.8,0.012946026127481566,0.24597449642214975,-0.6862745098039216,ns
glass,1.0,e_star,Distill-S vs Baseline-LS,20,-13.25,-28.60125,1.3,0.023034263836784162,0.3685482213885466,-0.6274509803921569,ns
wine,0.0,e_star,Distill-S vs Baseline-LS,20,101.55,35.097500000000004,162.15,0.009983418489705211,0.20965178828380943,0.6571428571428571,ns
wine,0.2,e_star,Distill-S vs Baseline-LS,20,85.5,15.94875,149.35249999999996,0.020578244989942276,0.3498301648290187,0.5904761904761905,ns
wine,0.4,e_star,Distill-S vs Baseline-LS,20,65.4,0.9,125.90374999999995,0.05316925048828125,0.7824082568207702,0.49523809523809526,ns
wine,0.6,e_star,Distill-S vs Baseline-LS,20,94.9,32.29875,153.70124999999996,0.013616561889648438,0.24597449642214975,0.6190476190476191,ns
wine,0.8,e_star,Distill-S vs Baseline-LS,20,71.45,18.747500000000002,122.20124999999999,0.003758735438562999,0.09020965052551197,0.7578947368421053,ns
wine,1.0,e_star,Distill-S vs Baseline-LS,20,84.4,22.64875,140.65124999999998,0.0072956085205078125,0.1677989959716797,0.6666666666666666,ns
breastcancer,0.0,ece_best,Distill-S vs Baseline-LS,20,-0.038095796578808835,-0.04263691618842514,-0.03345142293982865,1.9073486328125e-06,4.57763671875e-05,-1.0,***
breastcancer,0.2,ece_best,Distill-S vs Baseline-LS,20,-0.04100695218433414,-0.046146130270994554,-0.03565825936956364,1.9073486328125e-06,4.57763671875e-05,-1.0,***
breastcancer,0.4,ece_best,Distill-S vs Baseline-LS,20,-0.04022702080638785,-0.044894685313889855,-0.035348564871962654,1.9073486328125e-06,4.57763671875e-05,-1.0,***
breastcancer,0.6,ece_best,Distill-S vs Baseline-LS,20,-0.04139269232227092,-0.04612920852214621,-0.036620901698213915,1.9073486328125e-06,4.57763671875e-05,-1.0,***
breastcancer,0.8,ece_best,Distill-S vs Baseline-LS,20,-0.04056730565794728,-0.04624816764342159,-0.03413669876035366,1.9073486328125e-06,4.57763671875e-05,-1.0,***
breastcancer,1.0,ece_best,Distill-S vs Baseline-LS,20,-0.03901063444321617,-0.045333425875164965,-0.031420488927448,3.814697265625e-06,4.57763671875e-05,-0.9904761904761905,***
digits,0.0,ece_best,Distill-S vs Baseline-LS,20,-0.11226241884546147,-0.11619992375508365,-0.10828946514613928,1.9073486328125e-06,4.57763671875e-05,-1.0,***
digits,0.2,ece_best,Distill-S vs Baseline-LS,20,-0.1113528940309253,-0.11525096212731054,-0.10723523264357616,1.9073486328125e-06,4.57763671875e-05,-1.0,***
digits,0.4,ece_best,Distill-S vs Baseline-LS,20,-0.10920916481357482,-0.11318358322165699,-0.10545315931168281,1.9073486328125e-06,4.57763671875e-05,-1.0,***
digits,0.6,ece_best,Distill-S vs Baseline-LS,20,-0.11131966559009421,-0.11561794461646221,-0.1072862555043151,1.9073486328125e-06,4.57763671875e-05,-1.0,***
digits,0.8,ece_best,Distill-S vs Baseline-LS,20,-0.1118121597977976,-0.11549942000665597,-0.10842289523273295,1.9073486328125e-06,4.57763671875e-05,-1.0,***
digits,1.0,ece_best,Distill-S vs Baseline-LS,20,-0.11292882282079923,-0.11538769509172485,-0.11055894888218287,1.9073486328125e-06,4.57763671875e-05,-1.0,***
glass,0.0,ece_best,Distill-S vs Baseline-LS,20,0.0034280236550541703,-0.01876541948725666,0.026697604345634212,0.8694877624511719,1.0,-0.047619047619047616,ns
glass,0.2,ece_best,Distill-S vs Baseline-LS,20,0.02336827700221263,-0.0017281113201102457,0.04729061259433284,0.069580078125,0.41748046875,0.4666666666666667,ns
glass,0.4,ece_best,Distill-S vs Baseline-LS,20,0.009455395697854299,-0.011223235683039146,0.03100291420164151,0.40909767150878906,1.0,0.21904761904761905,ns
glass,0.6,ece_best,Distill-S vs Baseline-LS,20,0.012051819611427397,-0.0044153721258044535,0.030143882884795577,0.2773551940917969,1.0,0.2857142857142857,ns
glass,0.8,ece_best,Distill-S vs Baseline-LS,20,0.0015380710363387972,-0.018832707314123936,0.020452519576823296,0.7285060882568359,1.0,0.09523809523809523,ns
glass,1.0,ece_best,Distill-S vs Baseline-LS,20,0.023247059382671537,-0.0026113742325714934,0.05199605382155885,0.15364646911621094,0.7682323455810547,0.37142857142857144,ns
wine,0.0,ece_best,Distill-S vs Baseline-LS,20,-0.06588312880032592,-0.07682490531562106,-0.053678137658991765,1.9073486328125e-06,4.57763671875e-05,-1.0,***
wine,0.2,ece_best,Distill-S vs Baseline-LS,20,-0.06415769917269551,-0.07492685496600139,-0.05182803646764823,3.814697265625e-06,4.57763671875e-05,-0.9904761904761905,***
wine,0.4,ece_best,Distill-S vs Baseline-LS,20,-0.06484423312875962,-0.07531248065332573,-0.053628172675768575,1.9073486328125e-06,4.57763671875e-05,-1.0,***
wine,0.6,ece_best,Distill-S vs Baseline-LS,20,-0.061927225606309054,-0.07432614134521122,-0.0496918589828743,1.9073486328125e-06,4.57763671875e-05,-1.0,***
wine,0.8,ece_best,Distill-S vs Baseline-LS,20,-0.06371214398079449,-0.07581892302156322,-0.051225298369924226,1.9073486328125e-06,4.57763671875e-05,-1.0,***
wine,1.0,ece_best,Distill-S vs Baseline-LS,20,-0.0653953837023841,-0.07577461354641452,-0.053573178689305986,1.9073486328125e-06,4.57763671875e-05,-1.0,***
breastcancer,0.0,ece_final,Distill-S vs Baseline-LS,20,-0.039476129909356436,-0.044802243233772764,-0.03417738127930645,1.9073486328125e-06,4.57763671875e-05,-1.0,***
breastcancer,0.2,ece_final,Distill-S vs Baseline-LS,20,-0.03835348889493105,-0.04449740908843906,-0.03209203530102966,1.9073486328125e-06,4.57763671875e-05,-1.0,***
breastcancer,0.4,ece_final,Distill-S vs Baseline-LS,20,-0.03736440675300464,-0.042826079804646366,-0.03163385700042311,1.9073486328125e-06,4.57763671875e-05,-1.0,***
breastcancer,0.6,ece_final,Distill-S vs Baseline-LS,20,-0.038156155222340636,-0.043456064809701954,-0.03262089821330287,1.9073486328125e-06,4.57763671875e-05,-1.0,***
breastcancer,0.8,ece_final,Distill-S vs Baseline-LS,20,-0.03530307992508537,-0.04176771252301701,-0.02833259873745733,3.814697265625e-06,4.57763671875e-05,-0.9904761904761905,***
breastcancer,1.0,ece_final,Distill-S vs Baseline-LS,20,-0.03555397767769662,-0.0431408477947116,-0.026928833027680708,9.5367431640625e-06,6.67572021484375e-05,-0.9714285714285714,***
digits,0.0,ece_final,Distill-S vs Baseline-LS,20,-0.11284667193889616,-0.1170454698615811,-0.10860191033097608,1.9073486328125e-06,4.57763671875e-05,-1.0,***
digits,0.2,ece_final,Distill-S vs Baseline-LS,20,-0.11201490609803136,-0.11626485899639215,-0.10787012819355976,1.9073486328125e-06,4.57763671875e-05,-1.0,***
digits,0.4,ece_final,Distill-S vs Baseline-LS,20,-0.11275628353158633,-0.11659040791924215,-0.10898508951445625,1.9073486328125e-06,4.57763671875e-05,-1.0,***
digits,0.6,ece_final,Distill-S vs Baseline-LS,20,-0.11272560331349571,-0.11714843067423339,-0.10857480804932615,1.9073486328125e-06,4.57763671875e-05,-1.0,***
digits,0.8,ece_final,Distill-S vs Baseline-LS,20,-0.11305083114860788,-0.11622614024139735,-0.10989419526653368,1.9073486328125e-06,4.57763671875e-05,-1.0,***
digits,1.0,ece_final,Distill-S vs Baseline-LS,20,-0.11343232904043461,-0.11651755292579118,-0.11032491860843988,1.9073486328125e-06,4.57763671875e-05,-1.0,***
glass,0.0,ece_final,Distill-S vs Baseline-LS,20,0.01625735808250517,-0.0013339142250113575,0.033602942061112355,0.082550048828125,0.412750244140625,0.44761904761904764,ns
glass,0.2,ece_final,Distill-S vs Baseline-LS,20,0.013792061944340545,-0.0014456161631401117,0.028730888171771246,0.08969497680664062,0.412750244140625,0.4380952380952381,ns
glass,0.4,ece_final,Distill-S vs Baseline-LS,20,0.021205617903276956,0.00038211869639021874,0.0430054580368275,0.15364646911621094,0.412750244140625,0.37142857142857144,ns
glass,0.6,ece_final,Distill-S vs Baseline-LS,20,0.027229318993036156,0.00546935744930147,0.046455063533124535,0.01531219482421875,0.0918731689453125,0.6095238095238096,ns
glass,0.8,ece_final,Distill-S vs Baseline-LS,20,0.015523919151272885,0.0024284756642787776,0.029684727064572102,0.13272666931152344,0.412750244140625,0.3904761904761905,ns
glass,1.0,ece_final,Distill-S vs Baseline-LS,20,0.014953212509321617,-0.005725257260681572,0.03333051782707834,0.16495704650878906,0.412750244140625,0.3619047619047619,ns
wine,0.0,ece_final,Distill-S vs Baseline-LS,20,-0.0660521319342984,-0.07564226484650537,-0.05609240524263846,1.9073486328125e-06,4.57763671875e-05,-1.0,***
wine,0.2,ece_final,Distill-S vs Baseline-LS,20,-0.06846483072472943,-0.07583840570619535,-0.061304232630257804,1.9073486328125e-06,4.57763671875e-05,-1.0,***
wine,0.4,ece_final,Distill-S vs Baseline-LS,20,-0.06955571981767814,-0.07799315283281937,-0.06088472356088461,1.9073486328125e-06,4.57763671875e-05,-1.0,***
wine,0.6,ece_final,Distill-S vs Baseline-LS,20,-0.06775312001506487,-0.07650560106150807,-0.059310492381660466,1.9073486328125e-06,4.57763671875e-05,-1.0,***
wine,0.8,ece_final,Distill-S vs Baseline-LS,20,-0.0690839550147454,-0.07695167395700186,-0.0616047163380103,1.9073486328125e-06,4.57763671875e-05,-1.0,***
wine,1.0,ece_final,Distill-S vs Baseline-LS,20,-0.06998341240816645,-0.07788530739541687,-0.061959110504637156,1.9073486328125e-06,4.57763671875e-05,-1.0,***
breastcancer,0.0,final_gen_gap,Distill-S vs Baseline-LS,20,-0.009615384418885733,-0.016758241103245596,-0.0027472530739320045,0.01148061732581482,0.16072864256140748,-0.6783625730994152,ns
breastcancer,0.2,final_gen_gap,Distill-S vs Baseline-LS,20,-0.008791208594709901,-0.014835164311167878,-0.002472527636276439,0.007851107862216647,0.12561772579546635,-0.6947368421052632,ns
breastcancer,0.4,final_gen_gap,Distill-S vs Baseline-LS,20,-0.007417582221083553,-0.015109889455712733,-0.000549450713199532,0.06453723433709026,0.7744468120450831,-0.4714285714285714,ns
breastcancer,0.6,final_gen_gap,Distill-S vs Baseline-LS,20,-0.005769230605481694,-0.011538461047214415,-1.6374897805759847e-10,0.072838036249968,0.801218398749648,-0.45714285714285713,ns
breastcancer,0.8,final_gen_gap,Distill-S vs Baseline-LS,20,-0.004945054814055694,-0.010714285288538211,0.0010989008369026955,0.11232494236271204,1.0,-0.43790849673202614,ns
breastcancer,1.0,final_gen_gap,Distill-S vs Baseline-LS,20,-0.002747252583503715,-0.009615383993138321,0.004120878891630491,0.5692812255907798,1.0,-0.16666666666666666,ns
digits,0.0,final_gen_gap,Distill-S vs Baseline-LS,20,0.006455991807191257,0.0029713657938915746,0.010027268969494347,0.0035859909244870176,0.06454783664076631,0.7428571428571429,ns
digits,0.2,final_gen_gap,Distill-S vs Baseline-LS,20,0.010636272974636235,0.006453262789353089,0.0149085983034061,8.20159912109375e-05,0.0019683837890625,0.9047619047619048,**
digits,0.4,final_gen_gap,Distill-S vs Baseline-LS,20,0.009417061354802969,0.0034088714650143304,0.015078923748887075,0.009989902455487807,0.1498485368323171,0.6571428571428571,ns
digits,0.6,final_gen_gap,Distill-S vs Baseline-LS,20,0.01063324010890462,0.004363884147353805,0.01690321545860042,0.005729764736498867,0.09740600052048073,0.7047619047619048,ns
digits,0.8,final_gen_gap,Distill-S vs Baseline-LS,20,0.014375397448954363,0.00967186075798841,0.01933979208223196,0.0002532800272204937,0.005572160598850861,0.9333333333333333,**
digits,1.0,final_gen_gap,Distill-S vs Baseline-LS,20,0.015505227446556066,0.01097562015056609,0.020209053158760037,0.00011050374627194945,0.0025415861642548374,0.9857142857142858,**
glass,0.0,final_gen_gap,Distill-S vs Baseline-LS,20,-0.0555626518700434,-0.07623613562542893,-0.0343563499344864,0.0006798746354693245,0.014277367344855815,-0.8666666666666667,*
glass,0.2,final_gen_gap,Distill-S vs Baseline-LS,20,-0.0672207946146744,-0.0936492928797784,-0.03661551546035472,0.002492835955186284,0.04736388314853939,-0.7714285714285715,*
glass,0.4,final_gen_gap,Distill-S vs Baseline-LS,20,-0.04991473991801774,-0.07188830953847242,-0.028026422928964755,0.00171142256919972,0.0342284513839944,-0.8,*
glass,0.6,final_gen_gap,Distill-S vs Baseline-LS,20,-0.03548592763102576,-0.06474903390621364,-0.004752764537714565,0.04855644221045039,0.6312337487358551,-0.5157894736842106,ns
glass,0.8,final_gen_gap,Distill-S vs Baseline-LS,20,-0.014194374628689,-0.0448636054010063,0.01690164150319235,0.4209099170051037,1.0,-0.21052631578947367,ns
glass,1.0,final_gen_gap,Distill-S vs Baseline-LS,20,-0.01069906293482021,-0.02834665505350504,0.005755011417727521,0.25529050519961505,1.0,-0.3235294117647059,ns
wine,0.0,final_gen_gap,Distill-S vs Baseline-LS,20,-0.0008771959626883887,-0.014285719394683835,0.01253132448907483,0.5042835180720096,1.0,-0.23636363636363636,ns
wine,0.2,final_gen_gap,Distill-S vs Baseline-LS,20,-0.0035714328289031946,-0.017857152223587032,0.01071428656578064,0.5055707258803321,1.0,-0.24444444444444444,ns
wine,0.4,final_gen_gap,Distill-S vs Baseline-LS,20,0.00090852045176322,-0.01068296207670579,0.013408523431995455,0.7230087105700101,1.0,-0.1388888888888889,ns
wine,0.6,final_gen_gap,Distill-S vs Baseline-LS,20,-0.0017857134342193644,-0.01785714030265809,0.0125,0.7739720006501322,1.0,-0.1111111111111111,ns
wine,0.8,final_gen_gap,Distill-S vs Baseline-LS,20,0.003571432828903186,-0.007142853736877454,0.016071435809135427,0.6732899796599957,1.0,0.19047619047619047,ns
wine,1.0,final_gen_gap,Distill-S vs Baseline-LS,20,0.0035714298486709505,-0.005357140302658098,0.014285716414451593,0.8917558535067943,1.0,0.06666666666666667,ns
breastcancer,0.0,test_acc_best,Distill-S vs Baseline-LS,20,0.0057017543859649135,-0.0008771929824561375,0.013157894736842113,0.23435612779037285,1.0,0.3939393939393939,ns
breastcancer,0.2,test_acc_best,Distill-S vs Baseline-LS,20,0.005701754385964919,0.00043859649122807707,0.011403508771929832,0.04940018799120363,0.8892033838416653,0.7333333333333333,ns
breastcancer,0.4,test_acc_best,Distill-S vs Baseline-LS,20,0.0021929824561403577,-0.0030701754385964895,0.007894736842105265,0.4094648582504443,1.0,0.22794117647058823,ns
breastcancer,0.6,test_acc_best,Distill-S vs Baseline-LS,20,0.0030701754385965064,-0.0017543859649122805,0.008771929824561413,0.2107267520999544,1.0,0.37142857142857144,ns
breastcancer,0.8,test_acc_best,Distill-S vs Baseline-LS,20,0.002631578947368418,-0.003070175438596512,0.008333333333333331,0.2310706598407235,1.0,0.3523809523809524,ns
breastcancer,1.0,test_acc_best,Distill-S vs Baseline-LS,20,0.0026315789473684292,-0.004385964912280693,0.00921052631578948,0.2681225471390074,1.0,0.31666666666666665,ns
digits,0.0,test_acc_best,Distill-S vs Baseline-LS,20,-0.00930555555555554,-0.013611111111111036,-0.0051388888888888925,0.0013517876140246425,0.025683964666468207,-0.8596491228070176,*
digits,0.2,test_acc_best,Distill-S vs Baseline-LS,20,-0.012499999999999983,-0.016805555555555508,-0.008194444444444494,0.00034885029452439445,0.007630661015032661,-0.9869281045751634,**
digits,0.4,test_acc_best,Distill-S vs Baseline-LS,20,-0.013194444444444453,-0.01763888888888891,-0.008888888888888908,0.0001736527469559972,0.004167665926943932,-0.9571428571428572,**
digits,0.6,test_acc_best,Distill-S vs Baseline-LS,20,-0.012361111111111073,-0.017916666666666626,-0.00722222222222218,0.0006198817771393389,0.012397635542786778,-0.9181286549707602,*
digits,0.8,test_acc_best,Distill-S vs Baseline-LS,20,-0.013472222222222191,-0.018194444444444395,-0.009027777777777779,0.00034684822795603005,0.007630661015032661,-0.9869281045751634,**
digits,1.0,test_acc_best,Distill-S vs Baseline-LS,20,-0.0125,-0.016805555555555546,-0.008333333333333404,0.00023124066880632625,0.005318535382545504,-0.9883040935672515,**
glass,0.0,test_acc_best,Distill-S vs Baseline-LS,20,0.019767441860465126,-0.00813953488372092,0.05000000000000001,0.23235996657921365,1.0,0.3382352941176471,ns
glass,0.2,test_acc_best,Distill-S vs Baseline-LS,20,-0.02209302325581396,-0.045348837209302315,5.551115123125783e-18,0.0630498815601528,1.0,-0.49707602339181284,ns
glass,0.4,test_acc_best,Distill-S vs Baseline-LS,20,0.0011627906976744208,-0.025581395348837216,0.032558139534883714,0.954375557058182,1.0,-0.016666666666666666,ns
glass,0.6,test_acc_best,Distill-S vs Baseline-LS,20,-0.0011627906976744151,-0.0313953488372093,0.029069767441860454,0.9621429582561176,1.0,0.013071895424836602,ns
glass,0.8,test_acc_best,Distill-S vs Baseline-LS,20,-0.010465116279069773,-0.04651162790697676,0.02209302325581394,0.8064765840476857,1.0,-0.07692307692307693,ns
glass,1.0,test_acc_best,Distill-S vs Baseline-LS,20,-0.002325581395348836,-0.027906976744186046,0.022093023255813964,0.9371341954485757,1.0,-0.02564102564102564,ns
wine,0.0,test_acc_best,Distill-S vs Baseline-LS,20,0.009722222222222226,-0.0013888888888888896,0.022222222222222233,0.14189351577032386,1.0,0.5333333333333333,ns
wine,0.2,test_acc_best,Distill-S vs Baseline-LS,20,0.011111111111111117,0.0013888888888888896,0.02361111111111112,0.07074986707637762,1.0,0.8095238095238095,ns
wine,0.4,test_acc_best,Distill-S vs Baseline-LS,20,0.0069444444444444475,-0.0013888888888888896,0.015277777777777784,0.13166801602281422,1.0,0.5555555555555556,ns
wine,0.6,test_acc_best,Distill-S vs Baseline-LS,20,0.002777777777777779,-0.0069444444444444475,0.013888888888888895,0.5574801348628696,1.0,0.2222222222222222,ns
wine,0.8,test_acc_best,Distill-S vs Baseline-LS,20,0.0,-0.005555555555555558,0.005555555555555558,1.0,1.0,0.0,ns
wine,1.0,test_acc_best,Distill-S vs Baseline-LS,20,0.0013888888888888896,-0.005555555555555558,0.008333333333333337,0.7054569861112734,1.0,0.14285714285714285,ns
breastcancer,0.0,test_acc_final,Distill-S vs Baseline-LS,20,0.006578947368421062,0.0004385964912280882,0.013157894736842101,0.07459423033832425,1.0,0.5333333333333333,ns
breastcancer,0.2,test_acc_final,Distill-S vs Baseline-LS,20,0.005263157894736853,0.0004385964912280769,0.010087719298245618,0.06389194034360765,1.0,0.5333333333333333,ns
breastcancer,0.4,test_acc_final,Distill-S vs Baseline-LS,20,0.003947368421052644,-0.001315789473684209,0.009210526315789492,0.1563441156998108,1.0,0.38562091503267976,ns
breastcancer,0.6,test_acc_final,Distill-S vs Baseline-LS,20,0.002631578947368435,-0.001754385964912264,0.006578947368421078,0.18814333089041946,1.0,0.3904761904761905,ns
breastcancer,0.8,test_acc_final,Distill-S vs Baseline-LS,20,0.0030701754385965064,-0.002192982456140352,0.008333333333333349,0.2042660344349192,1.0,0.3333333333333333,ns
breastcancer,1.0,test_acc_final,Distill-S vs Baseline-LS,20,0.000438596491228066,-0.004824561403508798,0.005263157894736853,0.7194375444233914,1.0,0.10989010989010989,ns
digits,0.0,test_acc_final,Distill-S vs Baseline-LS,20,-0.008194444444444443,-0.01305555555555552,-0.003333333333333355,0.007820415211778915,0.14858788902379938,-0.7134502923976608,ns
digits,0.2,test_acc_final,Distill-S vs Baseline-LS,20,-0.011527777777777738,-0.015972222222222176,-0.007083333333333319,0.0005927715861051945,0.013633746480419474,-0.9477124183006536,*
digits,0.4,test_acc_final,Distill-S vs Baseline-LS,20,-0.011527777777777803,-0.016666666666666736,-0.006388888888888927,0.0018397087712537477,0.04047359296758245,-0.8362573099415205,*
digits,0.6,test_acc_final,Distill-S vs Baseline-LS,20,-0.011388888888888888,-0.017222222222222187,-0.005833333333333307,0.0024573426409401117,0.04914685281880223,-0.8128654970760234,*
digits,0.8,test_acc_final,Distill-S vs Baseline-LS,20,-0.01027777777777778,-0.015416666666666672,-0.005277777777777787,0.00206724033431908,0.04341204702070068,-0.8052631578947368,*
digits,1.0,test_acc_final,Distill-S vs Baseline-LS,20,-0.01125000000000001,-0.015694444444444434,-0.007222222222222191,0.0003855608280426811,0.009253459873024346,-0.9532163742690059,**
glass,0.0,test_acc_final,Distill-S vs Baseline-LS,20,0.013953488372093027,-0.011627906976744184,0.039534883720930246,0.37026652745666977,1.0,0.23976608187134502,ns
glass,0.2,test_acc_final,Distill-S vs Baseline-LS,20,-0.015116279069767452,-0.03720930232558141,0.004651162790697655,0.17516329333249014,1.0,-0.37254901960784315,ns
glass,0.4,test_acc_final,Distill-S vs Baseline-LS,20,0.0011627906976744151,-0.02674418604651162,0.03255813953488372,0.6768591875308962,1.0,-0.1111111111111111,ns
glass,0.6,test_acc_final,Distill-S vs Baseline-LS,20,0.0,-0.018604651162790704,0.017441860465116293,0.8758543369471656,1.0,0.04411764705882353,ns
glass,0.8,test_acc_final,Distill-S vs Baseline-LS,20,-0.002325581395348836,-0.02674418604651162,0.023255813953488365,0.7527618874278625,1.0,-0.10256410256410256,ns
glass,1.0,test_acc_final,Distill-S vs Baseline-LS,20,0.005813953488372098,-0.01511627906976743,0.02441860465116278,0.34914447883604405,1.0,0.2647058823529412,ns
wine,0.0,test_acc_final,Distill-S vs Baseline-LS,20,0.011111111111111117,0.0,0.02361111111111112,0.08446903225325182,1.0,0.6666666666666666,ns
wine,0.2,test_acc_final,Distill-S vs Baseline-LS,20,0.009722222222222226,-0.002777777777777779,0.02361111111111112,0.17583403918261342,1.0,0.5277777777777778,ns
wine,0.4,test_acc_final,Distill-S vs Baseline-LS,20,0.009722222222222226,0.0013888888888888896,0.01944444444444445,0.05320552981158747,0.9576995366085745,0.7857142857142857,ns
wine,0.6,test_acc_final,Distill-S vs Baseline-LS,20,0.002777777777777779,-0.0069444444444444475,0.013888888888888895,0.5574801348628696,1.0,0.2222222222222222,ns
wine,0.8,test_acc_final,Distill-S vs Baseline-LS,20,0.0,-0.005555555555555558,0.005555555555555558,1.0,1.0,0.0,ns
wine,1.0,test_acc_final,Distill-S vs Baseline-LS,20,0.0013888888888888896,-0.005555555555555558,0.008333333333333337,0.7054569861112734,1.0,0.14285714285714285,ns
breastcancer,0.0,test_loss_best,Distill-S vs Baseline-LS,20,-0.04270843081176282,-0.055895441053435226,-0.02864151326473804,6.29425048828125e-05,0.000629425048828125,-0.9142857142857143,***
breastcancer,0.2,test_loss_best,Distill-S vs Baseline-LS,20,-0.03752488009631634,-0.048259090678766395,-0.023824774688109753,0.0005855560302734375,0.0046844482421875,-0.819047619047619,**
breastcancer,0.4,test_loss_best,Distill-S vs Baseline-LS,20,-0.03437123373150826,-0.044145045597106226,-0.02363710621371865,4.76837158203125e-05,0.0005245208740234375,-0.9238095238095239,***
breastcancer,0.6,test_loss_best,Distill-S vs Baseline-LS,20,-0.03553301747888328,-0.043749208920635295,-0.025518173957243574,1.9073486328125e-05,0.0002288818359375,-0.9523809523809523,***
breastcancer,0.8,test_loss_best,Distill-S vs Baseline-LS,20,-0.031336160842329264,-0.044608998182229714,-0.01428309741197155,0.005580902099609375,0.0291595458984375,-0.6857142857142857,*
breastcancer,1.0,test_loss_best,Distill-S vs Baseline-LS,20,-0.030153030436486004,-0.044625952718779435,-0.011667014926206334,0.012079238891601562,0.04831695556640625,-0.6285714285714286,*
digits,0.0,test_loss_best,Distill-S vs Baseline-LS,20,-0.10147637240588665,-0.11709103093482554,-0.08752128181979062,1.9073486328125e-06,4.57763671875e-05,-1.0,***
digits,0.2,test_loss_best,Distill-S vs Baseline-LS,20,-0.09424382708966733,-0.1140962622780353,-0.07534777135588232,1.9073486328125e-06,4.57763671875e-05,-1.0,***
digits,0.4,test_loss_best,Distill-S vs Baseline-LS,20,-0.09256995134055615,-0.11331696284003555,-0.0740024585928768,1.9073486328125e-06,4.57763671875e-05,-1.0,***
digits,0.6,test_loss_best,Distill-S vs Baseline-LS,20,-0.08910419531166554,-0.10824243360199033,-0.07114170250482856,1.9073486328125e-06,4.57763671875e-05,-1.0,***
digits,0.8,test_loss_best,Distill-S vs Baseline-LS,20,-0.09052053615450859,-0.10907505486160517,-0.0734134540334344,1.9073486328125e-06,4.57763671875e-05,-1.0,***
digits,1.0,test_loss_best,Distill-S vs Baseline-LS,20,-0.09488271586596964,-0.11301104626618326,-0.07879999723285434,1.9073486328125e-06,4.57763671875e-05,-1.0,***
glass,0.0,test_loss_best,Distill-S vs Baseline-LS,20,0.015955734252929694,-0.026917598247528103,0.056846553608775136,0.3299827575683594,0.3299827575683594,0.2571428571428571,ns
glass,0.2,test_loss_best,Distill-S vs Baseline-LS,20,0.07458133399486541,0.020620996877551093,0.1339767418056725,0.03276824951171875,0.09830474853515625,0.5428571428571428,ns
glass,0.4,test_loss_best,Distill-S vs Baseline-LS,20,0.03867276906967165,-0.006060463562607791,0.08356592737138274,0.069580078125,0.13916015625,0.4666666666666667,ns
glass,0.6,test_loss_best,Distill-S vs Baseline-LS,20,0.057428830862045296,0.02534607760608196,0.0903726550936699,0.00485992431640625,0.0291595458984375,0.6952380952380952,*
glass,0.8,test_loss_best,Distill-S vs Baseline-LS,20,0.061404022574424746,0.029062589928507805,0.09990520484745499,0.000850677490234375,0.005954742431640625,0.8,**
glass,1.0,test_loss_best,Distill-S vs Baseline-LS,20,0.08349046111106874,0.04083917170763015,0.13272302597761154,0.0004825592041015625,0.0043430328369140625,0.8285714285714286,**
wine,0.0,test_loss_best,Distill-S vs Baseline-LS,20,-0.08082681549713015,-0.09795363985700532,-0.0629416920337826,3.814697265625e-06,6.103515625e-05,-0.9904761904761905,***
wine,0.2,test_loss_best,Distill-S vs Baseline-LS,20,-0.07175153009593487,-0.09176169523969292,-0.0519393070484512,9.5367431640625e-06,0.0001430511474609375,-0.9714285714285714,***
wine,0.4,test_loss_best,Distill-S vs Baseline-LS,20,-0.06595982243306933,-0.08349208084749989,-0.04758319028303958,1.33514404296875e-05,0.0001735687255859375,-0.9619047619047619,***
wine,0.6,test_loss_best,Distill-S vs Baseline-LS,20,-0.05797928888350725,-0.07558717745821923,-0.04039928206475453,9.5367431640625e-06,0.0001430511474609375,-0.9714285714285714,***
wine,0.8,test_loss_best,Distill-S vs Baseline-LS,20,-0.061025259736925366,-0.07527199344709515,-0.04714730248320848,1.9073486328125e-06,4.57763671875e-05,-1.0,***
wine,1.0,test_loss_best,Distill-S vs Baseline-LS,20,-0.06652770275250078,-0.08018009426188655,-0.05222025465103799,1.9073486328125e-06,4.57763671875e-05,-1.0,***
breastcancer,0.0,test_loss_final,Distill-S vs Baseline-LS,20,-0.04157991763204337,-0.05655776157975199,-0.026212769602425405,8.20159912109375e-05,0.00098419189453125,-0.9047619047619048,***
breastcancer,0.2,test_loss_final,Distill-S vs Baseline-LS,20,-0.03302070721983909,-0.045626063067466,-0.018352314713411033,0.000850677490234375,0.006805419921875,-0.8,**
breastcancer,0.4,test_loss_final,Distill-S vs Baseline-LS,20,-0.030621171742677693,-0.04252433696761727,-0.018211804060265444,0.0003223419189453125,0.003223419189453125,-0.8476190476190476,**
breastcancer,0.6,test_loss_final,Distill-S vs Baseline-LS,20,-0.026948214322328568,-0.0387649060646072,-0.01372986178845168,0.001209259033203125,0.008464813232421875,-0.780952380952381,**
breastcancer,0.8,test_loss_final,Distill-S vs Baseline-LS,20,-0.021055449452251202,-0.03611730681033806,-0.003448597767855965,0.023950576782226562,0.11975288391113281,-0.5714285714285714,ns
breastcancer,1.0,test_loss_final,Distill-S vs Baseline-LS,20,-0.017257369635626678,-0.03463187876855956,0.0025264956650789864,0.06372261047363281,0.19116783142089844,-0.47619047619047616,ns
digits,0.0,test_loss_final,Distill-S vs Baseline-LS,20,-0.10387112423777581,-0.12061705499887469,-0.08841771238483488,1.9073486328125e-06,4.57763671875e-05,-1.0,***
digits,0.2,test_loss_final,Distill-S vs Baseline-LS,20,-0.09719037786126139,-0.11792653609998527,-0.07728762210346758,1.9073486328125e-06,4.57763671875e-05,-1.0,***
digits,0.4,test_loss_final,Distill-S vs Baseline-LS,20,-0.09521818421781064,-0.11631067503243685,-0.07638714279979467,1.9073486328125e-06,4.57763671875e-05,-1.0,***
digits,0.6,test_loss_final,Distill-S vs Baseline-LS,20,-0.09176694862544539,-0.11118282730691137,-0.0737540134973824,1.9073486328125e-06,4.57763671875e-05,-1.0,***
digits,0.8,test_loss_final,Distill-S vs Baseline-LS,20,-0.09401052221655846,-0.11268283979967236,-0.07702817102894188,1.9073486328125e-06,4.57763671875e-05,-1.0,***
digits,1.0,test_loss_final,Distill-S vs Baseline-LS,20,-0.0969741813838482,-0.11570520186796784,-0.080234301276505,1.9073486328125e-06,4.57763671875e-05,-1.0,***
glass,0.0,test_loss_final,Distill-S vs Baseline-LS,20,0.027358689904212898,-0.023458293527364758,0.07481555826961984,0.2305126190185547,0.246185302734375,0.3142857142857143,ns
glass,0.2,test_loss_final,Distill-S vs Baseline-LS,20,0.06860418617725365,0.017682609260082176,0.11679554022848598,0.023950576782226562,0.11975288391113281,0.5714285714285714,ns
glass,0.4,test_loss_final,Distill-S vs Baseline-LS,20,0.04205264449119566,-0.010883500576019303,0.09331231385469424,0.1230926513671875,0.246185302734375,0.4,ns
glass,0.6,test_loss_final,Distill-S vs Baseline-LS,20,0.05911402404308317,0.022771749049425076,0.09661413460969918,0.00830841064453125,0.0498504638671875,0.6571428571428571,*
glass,0.8,test_loss_final,Distill-S vs Baseline-LS,20,0.07482907772064204,0.03850310623645779,0.11830860868096348,0.0005855560302734375,0.0052700042724609375,0.819047619047619,**
glass,1.0,test_loss_final,Distill-S vs Baseline-LS,20,0.07225704491138459,0.03729032553732391,0.11434783160686493,0.0002613067626953125,0.0028743743896484375,0.8571428571428571,**
wine,0.0,test_loss_final,Distill-S vs Baseline-LS,20,-0.08518847390078008,-0.10201569354394453,-0.06785162912914532,1.9073486328125e-06,4.57763671875e-05,-1.0,***
wine,0.2,test_loss_final,Distill-S vs Baseline-LS,20,-0.07732765059918165,-0.09618339624488727,-0.05892035759519787,1.9073486328125e-06,4.57763671875e-05,-1.0,***
wine,0.4,test_loss_final,Distill-S vs Baseline-LS,20,-0.07128512114286423,-0.08816033586626873,-0.05278919173870237,9.5367431640625e-06,0.0001239776611328125,-0.9714285714285714,***
wine,0.6,test_loss_final,Distill-S vs Baseline-LS,20,-0.0630870412103832,-0.08027591178426521,-0.045988425412215324,3.814697265625e-06,5.340576171875e-05,-0.9904761904761905,***
wine,0.8,test_loss_final,Distill-S vs Baseline-LS,20,-0.06554406406357885,-0.08009467638563364,-0.05068301062099639,1.9073486328125e-06,4.57763671875e-05,-1.0,***
wine,1.0,test_loss_final,Distill-S vs Baseline-LS,20,-0.07006168207153678,-0.08264417047961616,-0.05647694866522216,1.9073486328125e-06,4.57763671875e-05,-1.0,***
